invoice_id,id,service_type,amount
5b7f5747-2669-4c6e-b5ba-6da1de7552e3,1f36abb3-48db-4821-bf1d-1c9607ec860b,other,7632
492715ad-3367-4ca9-92dc-e8dc18d2fb6a,b2199823-103f-4f42-973d-b1de9f882434,repair,865
492715ad-3367-4ca9-92dc-e8dc18d2fb6a,6c5c9d4f-268b-4f1f-a512-1fe09361871d,painting,1169
492715ad-3367-4ca9-92dc-e8dc18d2fb6a,244a4b36-b51b-4020-8447-ec04bce4fc5a,repair,2158
492715ad-3367-4ca9-92dc-e8dc18d2fb6a,a4077910-19eb-4176-8afb-74c9602e4756,install,4374
e57b06d3-f384-4257-b718-c2a78a6620ab,49cb2052-a2a7-4d78-9cfb-82843f15d92b,install,206
e57b06d3-f384-4257-b718-c2a78a6620ab,71c4ba33-48a6-4305-9ed9-8565f47e6698,install,171
e57b06d3-f384-4257-b718-c2a78a6620ab,fb2bd9d1-529c-469d-9974-80f0df7cb202,other,1126
e57b06d3-f384-4257-b718-c2a78a6620ab,b4475adc-15b0-4d8d-bb0c-3f7da5c5d977,other,480
e57b06d3-f384-4257-b718-c2a78a6620ab,b36ff2f4-cb6e-47e1-940d-be5c66499d97,construction,2853
eeea0d29-53f3-4755-ae8c-ba47cfc05532,58237e17-da64-481f-ae38-82f62d409d8b,other,128
eeea0d29-53f3-4755-ae8c-ba47cfc05532,b77e39c1-b959-49a4-8640-34956583a0e8,maintenance,98
eeea0d29-53f3-4755-ae8c-ba47cfc05532,d63ca3ad-2804-4126-a26a-4f9da299a81a,other,1284
eeea0d29-53f3-4755-ae8c-ba47cfc05532,823de0dc-dc72-42ed-9ef4-f3d6c53fb2ec,construction,3228
eeea0d29-53f3-4755-ae8c-ba47cfc05532,e586c294-ead9-481f-b24a-35aa1064be43,cleaning,4464
ec657d94-5f04-4764-88e3-90dd3fb14ea9,87ffc1d8-8102-455c-a0db-57ebbafb5e03,construction,2277
bc63d642-6b18-4cda-bdea-00d5b5a4ec6f,63aa540b-dc1c-4682-8365-80cf228ddba5,cleaning,406
bc63d642-6b18-4cda-bdea-00d5b5a4ec6f,99e2e2bf-8194-4ab9-805b-67f87ec7a9a0,install,472
bc63d642-6b18-4cda-bdea-00d5b5a4ec6f,4979334a-a776-4eaa-a871-25372f54f299,maintenance,1356
55eb7bdc-e748-46ab-ad62-f814a02b6d74,2c4bd8da-d7a5-4281-874e-520f7a244933,cleaning,1473
55eb7bdc-e748-46ab-ad62-f814a02b6d74,f588cf12-f403-45b1-ab84-daec33128d8e,other,2024
41d045d4-f7a5-4c8a-85d5-193557b86abd,f524c387-17f6-489e-954e-45e8fc80b864,painting,599
41d045d4-f7a5-4c8a-85d5-193557b86abd,de044e83-508f-4f0e-bb28-7625d71f0a6a,cleaning,589
41d045d4-f7a5-4c8a-85d5-193557b86abd,f52decab-0eb5-44c5-bf72-75b8940a62ae,cleaning,2914
abd7bf1b-4f22-459c-a425-d402e37c9080,6b10126d-d0f1-477c-af25-646b2f45b503,other,1179
abd7bf1b-4f22-459c-a425-d402e37c9080,3774d280-472d-4986-8837-6297208e78ed,painting,1644
abd7bf1b-4f22-459c-a425-d402e37c9080,788a3bb4-3a19-400d-ac68-1d587d2824cc,construction,1493
abd7bf1b-4f22-459c-a425-d402e37c9080,fb6f9b6e-704a-4ccb-8821-b55fc0eb436f,painting,821
abd7bf1b-4f22-459c-a425-d402e37c9080,cd73842f-09a3-431f-b1ab-2887e9cac7eb,other,2852
571ade7f-3909-4eb3-8886-98931c495b37,e26fabd4-24fc-4ff4-bbea-247498745d1e,cleaning,964
01737c30-f439-4ed6-80b0-6c6e817e799f,26a5ddf1-36a4-429f-9895-9266b1723231,maintenance,352
01737c30-f439-4ed6-80b0-6c6e817e799f,34b4631d-d0ff-49a6-8cb0-dadc1754b41a,painting,289
01737c30-f439-4ed6-80b0-6c6e817e799f,f4a5621d-cb69-4920-91a0-9c9e0f484b5a,repair,475
1cf7358d-9182-4da1-a736-b3db8a53e89f,33c98bae-aa9c-40cc-b278-b125c022f1d9,cleaning,818
1cf7358d-9182-4da1-a736-b3db8a53e89f,44568b28-ea70-4dca-be19-765d55be53c8,repair,245
1cf7358d-9182-4da1-a736-b3db8a53e89f,ef6d879a-eeca-4b31-8df4-602ee5b7efb1,cleaning,1843
1cf7358d-9182-4da1-a736-b3db8a53e89f,cb8af62e-bb29-4e19-aa9c-d4af7ea4f262,cleaning,6758
c64e58d3-5460-458b-9069-3cf93aca64bc,64e965fa-c6b1-42ae-aeea-87fd6374698a,maintenance,9780
872134a9-07f9-4901-823f-6d8d6cf85ff4,b92db907-96e2-4708-81fb-0f1bada9deae,other,2878
872134a9-07f9-4901-823f-6d8d6cf85ff4,7f58e933-b424-4db6-ae9c-a01b984e4fb5,install,4428
9adfa542-36eb-428c-a03e-5ce57558265d,9ff2ed80-d8dd-4a2d-89be-d02117a7335f,construction,43
9adfa542-36eb-428c-a03e-5ce57558265d,2f61fc10-9fc0-4240-bea5-7ff76bcaf8d1,other,1794
9adfa542-36eb-428c-a03e-5ce57558265d,1f85e97f-514e-4842-aa41-ba869e6a331f,painting,433
9adfa542-36eb-428c-a03e-5ce57558265d,54b63130-6211-4551-a9bc-943012654af9,construction,2363
9adfa542-36eb-428c-a03e-5ce57558265d,d0d94226-18e8-44cf-a4b1-65da7c727171,other,4213
a5349b86-99c8-4438-88e9-a690e47417e2,2ffce005-059c-4be0-b30e-281c2c37806f,install,7021
ff9af434-dfe0-4df6-a51f-43db981082cd,e0111064-bcb4-4ac5-a5c8-202c392efac0,cleaning,290
ff9af434-dfe0-4df6-a51f-43db981082cd,46868396-6b34-44bc-af2d-4d5dbb1c5ec9,repair,8842
4126ee23-0ebb-488a-aedf-fb5a1a6c99f0,1f638072-aaff-4c12-8b48-9606910710f4,painting,425
4126ee23-0ebb-488a-aedf-fb5a1a6c99f0,bf6627a4-0746-4cd1-a144-b6123bce4111,install,1962
4126ee23-0ebb-488a-aedf-fb5a1a6c99f0,ed0686dc-5e8c-4d13-b5f3-dd2ca08cc353,cleaning,1210
4126ee23-0ebb-488a-aedf-fb5a1a6c99f0,506cc0b6-45ac-44ec-8815-09c90ea7eb45,repair,3308
104b3dd6-40ad-4481-8502-ee43a42b962b,0e58a204-21c6-4281-afa1-f6990d2279ca,construction,1413
7aee3d36-bfda-48a9-b714-08ccc8bdaef9,34836dd3-d74f-4301-a10a-25e5431fb28c,maintenance,147
7aee3d36-bfda-48a9-b714-08ccc8bdaef9,c08d6991-c131-40cb-acc6-881b1b097302,cleaning,36
7aee3d36-bfda-48a9-b714-08ccc8bdaef9,ea46e4d8-041c-4bfe-b231-6bf68b91f6df,other,441
e5667d85-0cc1-4f39-9463-3a7a611b20d6,673c1a2e-73c5-48a7-afd9-f5080dcc9479,install,1064
e5667d85-0cc1-4f39-9463-3a7a611b20d6,7ee77ef4-4c38-4b82-8fbe-3d8253c4ec7e,install,433
e5667d85-0cc1-4f39-9463-3a7a611b20d6,0e106f9c-d7c8-4a03-b4e0-489404c0cb43,construction,1389
e5667d85-0cc1-4f39-9463-3a7a611b20d6,91217baa-7019-433e-b04d-90d050eb81a4,painting,219
e5667d85-0cc1-4f39-9463-3a7a611b20d6,d15d00f4-bfac-4edc-8d1d-9456464acb0b,install,3559
03380cb8-4b7a-483d-baa6-71a125751b71,a02ff999-4396-4674-9af7-694425c47368,cleaning,5746
5aaf7b03-f8ac-41dd-96f2-a8391382636e,dcd18bc9-a29e-40e1-a0f5-9a47835a2705,cleaning,481
5aaf7b03-f8ac-41dd-96f2-a8391382636e,f8cbba33-2a91-4b08-8371-f44eafe6eacf,cleaning,5950
b86970e9-615c-4ac8-8e77-2a4f9aa410dc,61cc7616-98a1-4b6a-bfdd-1a1de032362c,construction,329
b86970e9-615c-4ac8-8e77-2a4f9aa410dc,7ea68def-1972-41e7-87ce-ec9ee6b92d62,repair,905
b86970e9-615c-4ac8-8e77-2a4f9aa410dc,74c8034e-002a-4239-8e35-9231555d3f62,repair,296
b86970e9-615c-4ac8-8e77-2a4f9aa410dc,3dbb8a2c-3520-4fa7-8a00-5b577a214aa7,maintenance,264
b86970e9-615c-4ac8-8e77-2a4f9aa410dc,e60d8e8f-0c27-4325-990a-04101fe98820,other,2224
16410a15-018a-4c78-8619-87c28c7ba3df,c46bbdc2-aae4-41a9-9b9c-89c67a80da90,maintenance,7943
62568261-7bad-4932-8c4a-79bed10d697f,d2f0eb48-1252-44b3-86d6-068af7867918,repair,33
62568261-7bad-4932-8c4a-79bed10d697f,396a08b3-d180-4d45-92d8-125b3dec1509,construction,225
62568261-7bad-4932-8c4a-79bed10d697f,f10896dc-ab73-41c1-9cb2-9c1165279482,construction,202
62568261-7bad-4932-8c4a-79bed10d697f,11de165b-f919-4fd7-84da-58ac8be38151,painting,603
5eb8939d-f2d8-49d8-ac54-33f14384b0fe,700aeffb-a2f1-45b2-96fe-9218636a9daa,repair,56
5eb8939d-f2d8-49d8-ac54-33f14384b0fe,bc176817-da20-40fe-8af6-9b177eeef8b8,construction,1082
5eb8939d-f2d8-49d8-ac54-33f14384b0fe,29e8d93f-d1e9-4528-ab3f-a1560c38cc05,other,1112
5eb8939d-f2d8-49d8-ac54-33f14384b0fe,dd5be011-b4e0-4774-bcb6-4e138bfb2ee6,cleaning,6821
faec4e7d-ea7c-4984-861b-688acfde08d3,f3d4176e-7ccd-4a18-8d6a-b8c99dafb883,construction,535
faec4e7d-ea7c-4984-861b-688acfde08d3,ca04aa7c-6f98-43a2-88be-e7223bb4ffc7,repair,145
faec4e7d-ea7c-4984-861b-688acfde08d3,c79fd013-bcc2-447b-9bb2-bb819dbcaa26,other,2861
faec4e7d-ea7c-4984-861b-688acfde08d3,9cdbf1e1-a399-4ef4-b0b0-76757fa58900,painting,3384
e15c2ae3-11b6-4795-8567-b1d50081825a,609ba869-f16d-4ebf-bb96-527fe142d136,install,1937
e15c2ae3-11b6-4795-8567-b1d50081825a,f79b4c5b-2e33-4bae-87b0-dde33226fcf6,painting,3304
1c5a971f-1681-42d3-931c-54a6d0140ce9,ebf52877-5d4e-475b-bd54-0fb989a8c897,cleaning,48
1c5a971f-1681-42d3-931c-54a6d0140ce9,c7e28562-63ee-437e-964b-1105fff027c5,construction,85
1c5a971f-1681-42d3-931c-54a6d0140ce9,db73fdd6-ce16-4438-bfef-c74a4a94348b,other,77
1c5a971f-1681-42d3-931c-54a6d0140ce9,fbf9b109-b81b-47aa-987e-142e00cac53e,cleaning,68
1c5a971f-1681-42d3-931c-54a6d0140ce9,21b8cf86-9a87-4983-9db2-fd80bee79879,install,140
3c80c32e-4dbe-41dc-b694-3827b4f1f745,557781ae-8b93-4268-a5e0-b69f6c939ff5,maintenance,733
3c80c32e-4dbe-41dc-b694-3827b4f1f745,12036646-3011-4772-b542-338b46a0db0d,construction,809
3c80c32e-4dbe-41dc-b694-3827b4f1f745,47af95bd-149f-45c6-a0d0-f67842d5bcc7,construction,963
3c80c32e-4dbe-41dc-b694-3827b4f1f745,d990c863-cd1c-4009-ac01-84ae0f636206,other,1910
3c80c32e-4dbe-41dc-b694-3827b4f1f745,7331a1b6-4b7f-4112-9824-8d4a3751795f,other,1961
d8e62c20-a314-42e6-8ed7-dc209b22e3bf,dcef7729-17cf-4e8c-b9cb-c1e932484000,other,2472
d8e62c20-a314-42e6-8ed7-dc209b22e3bf,2620b99a-ade0-455e-a8c1-849e6eb221c2,maintenance,12
d8e62c20-a314-42e6-8ed7-dc209b22e3bf,02e1626e-6213-4844-8524-ad677d81bde1,other,5493
09ed6c1d-43e2-424e-8b74-640a3a1bcb09,59d7b08d-9b59-49ca-81f8-a21640e70480,repair,1010
09ed6c1d-43e2-424e-8b74-640a3a1bcb09,49820687-1b25-434f-88fc-daae6bd18ea8,painting,1310
09ed6c1d-43e2-424e-8b74-640a3a1bcb09,362c1397-bf76-451b-b61f-202118028824,painting,1429
44bbf4e4-54cb-4089-9251-30142639d4f8,26f46eda-8ac9-4d8c-a618-caa3058e6e39,repair,307
44bbf4e4-54cb-4089-9251-30142639d4f8,e909b190-26e1-4c25-a009-7a3da55d9e28,other,947
44bbf4e4-54cb-4089-9251-30142639d4f8,ecc2e823-4a2f-4d64-a260-530cbeeb749b,construction,1114
44bbf4e4-54cb-4089-9251-30142639d4f8,51cce336-5d6d-4502-98d7-961308ecc634,maintenance,787
44bbf4e4-54cb-4089-9251-30142639d4f8,67e51ab7-7dc1-49ea-ae55-e3a2e9e2370f,install,2663
6871c227-d086-410b-9b47-7184e2ac4215,d6cafbfd-7d2e-42fd-abdc-03101a5ed800,other,197
8e4fd390-903c-40ac-b1f6-7a970a3a69ea,76e0f689-db22-4672-ad12-eb8a3221302f,maintenance,1166
8e4fd390-903c-40ac-b1f6-7a970a3a69ea,c80edfc1-adfa-422b-850e-ed461228e928,maintenance,220
8e4fd390-903c-40ac-b1f6-7a970a3a69ea,e27c5c81-4668-40de-becc-d6b64103f904,construction,757
8e4fd390-903c-40ac-b1f6-7a970a3a69ea,597cdd35-c477-471d-aec0-a755923f18ae,construction,5354
ea2fc49f-7b58-4051-b8a7-606165cf08a0,9b6da8f6-14af-4922-ae19-f4e5f8de6a86,painting,109
ea2fc49f-7b58-4051-b8a7-606165cf08a0,71596078-8a7d-43c4-a558-676f8cd425fb,maintenance,114
ea2fc49f-7b58-4051-b8a7-606165cf08a0,7bc5a191-91ec-41a4-913c-185fb8f1a468,install,7
ea2fc49f-7b58-4051-b8a7-606165cf08a0,0097fc43-c5e1-4538-80d7-570f91c1012d,maintenance,244
ea2fc49f-7b58-4051-b8a7-606165cf08a0,d81669ad-da9d-4b7a-a5d4-a936eb7120a9,install,266
7f29f24c-8142-4b5f-a8e4-3bd59382c04c,443c924d-98b5-4148-83fd-740c01d10342,painting,40
7f29f24c-8142-4b5f-a8e4-3bd59382c04c,4198fe38-adb7-4d59-9fc7-77c8c2cb1dfc,painting,70
7f29f24c-8142-4b5f-a8e4-3bd59382c04c,f91ede66-8d34-4bb8-a886-e251cc199729,other,1015
7f29f24c-8142-4b5f-a8e4-3bd59382c04c,682252d2-d0c1-4cd1-a4f3-a697fd8913f8,repair,1270
35cfb13c-ba47-4e7a-9918-c3ba79dea577,72682fd6-f81f-4e8b-96e0-600705a23c33,install,1143
35cfb13c-ba47-4e7a-9918-c3ba79dea577,dd20c2ae-84e6-4805-83ee-55fca0e1738d,install,9
35cfb13c-ba47-4e7a-9918-c3ba79dea577,a55d74cb-a071-441a-a9a5-a94a674c43d7,install,1458
35cfb13c-ba47-4e7a-9918-c3ba79dea577,405b8aeb-a983-40ce-855d-666681eab0c6,construction,853
35cfb13c-ba47-4e7a-9918-c3ba79dea577,39c50317-20b9-4592-8c60-3e319bf91db5,other,3056
aa7ca3ca-c896-4e61-91a7-fd1a910324ae,33ef2605-703f-4002-ae04-f143e0fafc19,other,73
aa7ca3ca-c896-4e61-91a7-fd1a910324ae,8ae874d5-c7d9-4a20-bbd4-86004775e36d,install,697
aa7ca3ca-c896-4e61-91a7-fd1a910324ae,9b8bc5db-b6c1-4a7a-a369-6ee978ee24a4,construction,827
aa7ca3ca-c896-4e61-91a7-fd1a910324ae,a5de891c-1289-4c0c-b698-a937cf4af116,painting,1854
81e438c3-d8e6-4a6b-8a33-d3b625c89e11,6692f58c-f9ad-4d4a-81f5-fe1b9e336a7a,other,258
81e438c3-d8e6-4a6b-8a33-d3b625c89e11,91c4b9d9-8de4-4058-adc6-0f9093f10941,repair,146
81e438c3-d8e6-4a6b-8a33-d3b625c89e11,41958617-23b8-421f-8f97-8a6084334c6e,install,212
81e438c3-d8e6-4a6b-8a33-d3b625c89e11,f8aed04f-1946-4536-80bd-91b50cb927f0,repair,21
81e438c3-d8e6-4a6b-8a33-d3b625c89e11,bd59ed6d-28fe-4e2f-ac0d-7ea5e04966cc,maintenance,1003
6aec6786-41d1-4a18-a23d-a4e279aa6ebc,581e6d60-2786-4180-81ae-6e5d26742b45,cleaning,1199
6aec6786-41d1-4a18-a23d-a4e279aa6ebc,be663974-9e1d-4148-847e-587484a29c39,maintenance,1718
6aec6786-41d1-4a18-a23d-a4e279aa6ebc,116bb892-13b0-4f4b-9f6e-3b2391dbd02a,maintenance,1026
6aec6786-41d1-4a18-a23d-a4e279aa6ebc,0a8820e8-141c-45a3-af7d-7051116df6d0,cleaning,1287
6aec6786-41d1-4a18-a23d-a4e279aa6ebc,a7a54d02-441d-44e1-a8f2-c36f8d0483b0,cleaning,3199
2ef65d39-d041-4af0-8caa-4f242cc56ad3,8689eae3-6f2d-4854-843e-8e8a468d8cb6,repair,238
2ef65d39-d041-4af0-8caa-4f242cc56ad3,ab4ad103-30a4-427c-bc23-4c045b788b97,install,266
2ef65d39-d041-4af0-8caa-4f242cc56ad3,2dc0ea6b-4b67-4d9f-9bc5-2d7d3ec5617e,construction,297
2ef65d39-d041-4af0-8caa-4f242cc56ad3,887ef002-f34b-427e-b0a4-3930b5466d5a,construction,317
5e5cd856-998a-4ace-b665-b1dd00002b21,d7cefebb-a68c-432d-b865-3bfc09aade20,install,1265
5e5cd856-998a-4ace-b665-b1dd00002b21,d18c104a-71d3-4574-b958-b4469ac999aa,construction,2815
46f64cc3-2b0a-4d40-82c3-6d10b1958ba5,c3efdbab-e55e-4fa7-86a8-1edc5c61d4ba,construction,194
46f64cc3-2b0a-4d40-82c3-6d10b1958ba5,37994e1f-50c5-4264-b58e-5a79b87eb910,maintenance,806
46f64cc3-2b0a-4d40-82c3-6d10b1958ba5,19ec2377-565e-4917-8cc0-da37159c4f4f,install,614
46f64cc3-2b0a-4d40-82c3-6d10b1958ba5,f0d14eeb-7155-4517-9cfe-3e29da294468,repair,1146
46f64cc3-2b0a-4d40-82c3-6d10b1958ba5,f27e1d5e-6822-44cc-ae24-2b8c6d5b4a0f,repair,2663
4558666f-f8ed-46ed-ad75-3bde2b0c06d7,3dd02e48-8522-4352-9a8e-ae63c8d4f947,install,2355
4558666f-f8ed-46ed-ad75-3bde2b0c06d7,84818082-370c-401a-9768-26c880c2e1cd,repair,1327
4558666f-f8ed-46ed-ad75-3bde2b0c06d7,0f9dd582-c049-404d-b73c-da487bd9d514,install,4048
86096c88-452e-429d-b368-618ac007d95c,6e89d785-5737-4b82-8d2e-91f0d730f62f,cleaning,865
86096c88-452e-429d-b368-618ac007d95c,8e16b6c7-d666-4916-aebd-a11b3144bd77,painting,7236
9d85d6ad-6794-47c2-bd43-fbc794b41865,fbc6a313-52f2-4aa2-bc61-22a3a046ff83,install,77
9d85d6ad-6794-47c2-bd43-fbc794b41865,afe58a65-bbe9-4276-a36b-26065fbb0731,maintenance,3309
9d85d6ad-6794-47c2-bd43-fbc794b41865,71f2d460-0909-4c3a-9f4f-e6bd6a30f7ca,cleaning,3785
398761ac-48ce-4d33-a20c-315e46ca7bcd,7f116877-0ad9-439b-979a-7c8565463593,repair,324
398761ac-48ce-4d33-a20c-315e46ca7bcd,8e904abe-fced-46c4-bc6f-34ba828eda43,cleaning,776
398761ac-48ce-4d33-a20c-315e46ca7bcd,54bf532f-1b2e-4a88-a739-f4e2d783bc4a,other,1171
398761ac-48ce-4d33-a20c-315e46ca7bcd,ecb500ac-5327-443f-acfa-05b65e24c001,install,4293
9205a679-b747-4b0e-92b5-535e2875b057,e571a400-84ab-427f-909f-a6476bb0841e,other,8029
3d5e40dd-dcc7-40be-8f6b-0991ebf595a8,9a570c59-432c-4308-807f-df627be26d77,repair,1412
a99dfd68-7bdf-4bb4-a274-e7169973fcdc,378e4e9a-14f7-40d3-9dc7-05130223ea86,painting,330
a99dfd68-7bdf-4bb4-a274-e7169973fcdc,0c8a7922-1169-498a-ac8f-e6392dd0f206,repair,2210
4f434991-1503-4fae-a24e-4ebd64128fa3,b603d5be-0b3a-491b-965e-6a6f122006d2,repair,126
4f434991-1503-4fae-a24e-4ebd64128fa3,355719f2-d746-46c2-bc19-50b2cecfa986,other,384
6706bb28-1d1a-4751-85b1-3f2e350feb04,9670b3e5-4256-44cb-9fa8-012918677b59,maintenance,731
68f00848-7bf4-45b8-b5af-1dba735b1c9b,357e0443-e109-4cdd-a071-a48d810226a4,install,699
68f00848-7bf4-45b8-b5af-1dba735b1c9b,476d55bc-b15c-40af-8bdd-f04a32a38b26,repair,1252
68f00848-7bf4-45b8-b5af-1dba735b1c9b,ab5ef904-bfee-4817-83e4-8d41bc31729f,cleaning,2456
f93fd6d9-0cbc-4fe5-adef-380372a2e8b6,fc2d7be4-2537-4287-be8e-4a469cfc6268,other,8974
68cefc0a-6539-470f-a40e-01802d19c384,0f5dd384-6a50-4ece-8632-b58aa1ba322f,cleaning,958
68cefc0a-6539-470f-a40e-01802d19c384,d90039ed-4274-4eac-9f56-4898d745f1d9,cleaning,1006
e42961f9-0c6f-4323-b0c8-667b5fc51e17,66f83825-4168-4af4-8c48-50d2320166eb,other,1780
e42961f9-0c6f-4323-b0c8-667b5fc51e17,86170068-222c-47eb-8e39-4a7dd7153d50,install,1851
e42961f9-0c6f-4323-b0c8-667b5fc51e17,21a55589-7cd2-43ce-9eb0-dee3c9d31134,install,3064
811a422e-2b52-4595-8f6b-b60630ad7893,3897370e-0d64-4126-985a-05f775d1c0ec,other,1087
811a422e-2b52-4595-8f6b-b60630ad7893,5cd229a5-3a4b-4381-96cb-d5a7106b15d1,construction,702
811a422e-2b52-4595-8f6b-b60630ad7893,7ceeb5e8-4df6-4f9b-9d53-2f32c877fe46,maintenance,1961
811a422e-2b52-4595-8f6b-b60630ad7893,8ea2be10-a3f0-4da2-acec-42b180074ed5,install,2285
0d74234d-abe2-4b5c-8f9a-051d32c2a305,d4245808-313b-4844-b2f9-4a4f42c8eaf2,construction,886
0d74234d-abe2-4b5c-8f9a-051d32c2a305,e3fbb39b-ad64-4b62-b8ae-f9f07f894f95,install,3460
36e12bdd-aaf2-49a2-bb72-e80cb2a3a910,87842b5c-7024-4cc3-92b4-2145fbb791d2,maintenance,3191
36e12bdd-aaf2-49a2-bb72-e80cb2a3a910,e0a7e10f-0553-4428-b9b1-18d217744883,painting,6532
29e7cf61-af43-4ac3-882a-5791ebdf58c1,1c7e2a70-94de-42b7-9861-11e74d2c4ba2,other,520
29e7cf61-af43-4ac3-882a-5791ebdf58c1,7ae50309-c707-4c83-8e61-f1a27ebb730e,construction,557
29e7cf61-af43-4ac3-882a-5791ebdf58c1,1a4fa307-cdfd-4f52-a97c-665c76b034a4,construction,1066
29e7cf61-af43-4ac3-882a-5791ebdf58c1,e7d255f4-724c-4e92-bf5f-57d5a88fb623,install,1303
52e36be6-0e39-41bf-a605-9fb06b3217c1,800f0549-001d-4d15-af33-be34c44793d7,install,2397
52e36be6-0e39-41bf-a605-9fb06b3217c1,984df906-bf57-4eb6-b188-547e55fa4899,install,6591
6d6d23a7-7dc9-46fc-8178-65306afa7600,f76d8303-9346-49be-ab2b-937adc939ab2,install,1208
6d6d23a7-7dc9-46fc-8178-65306afa7600,9dd51565-4811-40a0-956d-da4e4373915e,maintenance,773
6d6d23a7-7dc9-46fc-8178-65306afa7600,4838644a-3ac2-4b8a-b320-aabaee7bfa29,construction,1768
feba9468-ea75-47c2-a6a7-ad505a90d464,3e096254-6637-4ce3-9bd3-955fdac127d3,other,2118
feba9468-ea75-47c2-a6a7-ad505a90d464,10c15f19-739f-4461-81aa-b251623b7695,install,488
feba9468-ea75-47c2-a6a7-ad505a90d464,163c68b9-c275-45f2-b1eb-a8d3307f39a7,repair,5013
ccd228cd-d896-4fc4-9d4f-1e33a5399d1b,d875c618-e68d-4777-a556-21fcb66b6a3d,install,265
ccd228cd-d896-4fc4-9d4f-1e33a5399d1b,9185e387-97b7-45e2-8a4e-b436bb9663b3,install,2368
ccd228cd-d896-4fc4-9d4f-1e33a5399d1b,6eaad45f-265d-4e23-b619-39143538824f,maintenance,3346
f89183b1-77d4-4b5c-8d11-1f0c9f53a774,6dcaa4a7-a440-4dd7-aa4f-803729ac7b31,painting,1815
ba1e4fc2-5909-4899-9191-0e8657742a80,9e3db621-0cc3-462b-981b-d21be2513f64,other,1445
7cbd8fa2-cfd8-43ec-b011-1f348b80d272,5f71e6f1-1976-4e40-9509-489a7dea0f54,install,9219
dec00806-8208-4daa-a67c-cec053c96d51,2af8aae9-9814-4aa6-bcfc-bf1d5d1bc24b,install,2462
dec00806-8208-4daa-a67c-cec053c96d51,67c42a53-1ce7-4a3b-8744-6562901cc288,maintenance,2939
dec00806-8208-4daa-a67c-cec053c96d51,d807e939-229f-477c-a8c6-7d63b9dc6dad,install,2953
9882b51a-058d-4e1e-a403-d8d63d4c9e3d,b44f34ec-be2d-453f-83a1-71c944497010,cleaning,361
9882b51a-058d-4e1e-a403-d8d63d4c9e3d,01f60e4d-4fba-4c8f-a33e-cd7095aa257d,construction,796
72bb1769-5ba9-472f-81f8-5dcc88ade540,dd7ba488-e65a-4271-853a-0411f931a6b7,install,584
72bb1769-5ba9-472f-81f8-5dcc88ade540,884e1f8f-88cd-4c4d-ada4-1a56de61cc9d,maintenance,292
72bb1769-5ba9-472f-81f8-5dcc88ade540,9395c4f3-4c5a-4a32-8c1d-c68c5b726a6f,maintenance,3723
72bb1769-5ba9-472f-81f8-5dcc88ade540,88ddd1e6-d098-4844-8d3c-2b91d7cbd3e7,construction,5086
08963603-d224-4839-a7e1-e490370a1998,58faadad-8f98-4ce7-897a-09e6d14bceb8,repair,323
08963603-d224-4839-a7e1-e490370a1998,8dd744fd-4215-4f5f-a1a0-7e34278581d0,repair,548
08963603-d224-4839-a7e1-e490370a1998,28e4f73e-1b57-47c2-95b3-2a8d85d7ce97,painting,2052
472d82a0-d3c9-4d05-b155-9f627958a26c,6199fbea-a61d-4a6e-9ff6-8e697868bb40,other,6324
4f708c23-78ed-49c5-b5d7-805fb6fd121b,e545ac34-aece-4cc9-bc22-6902f74dfc9c,install,193
4f708c23-78ed-49c5-b5d7-805fb6fd121b,108fbd3f-8111-484e-94ec-634832cd029a,maintenance,738
4f708c23-78ed-49c5-b5d7-805fb6fd121b,cea2cab8-42ca-40e9-981e-951477f313a7,install,1369
4f708c23-78ed-49c5-b5d7-805fb6fd121b,798af868-b497-4e45-a6fd-e8b64432d093,install,519
4f708c23-78ed-49c5-b5d7-805fb6fd121b,b189adfc-fdba-4940-b6e0-d001db3945d3,painting,3943
8fd2c886-445b-4233-8cdc-ad881dd99246,8e97eee9-ef94-450c-9a4b-0bd5146600be,install,333
8fd2c886-445b-4233-8cdc-ad881dd99246,e9202a3a-480a-407c-9ca3-8c03d012f77c,repair,1232
8fd2c886-445b-4233-8cdc-ad881dd99246,218444e3-6943-49be-af73-0aa6876271d9,install,1816
8fd2c886-445b-4233-8cdc-ad881dd99246,b340c3b9-9d20-417c-a176-d3d522678388,maintenance,721
8fd2c886-445b-4233-8cdc-ad881dd99246,86cbfecf-c609-42ec-b618-5b9d60bb7ff8,other,3852
a4a1a129-623b-4649-ae90-6f229bcfffd0,92e74303-6fdb-447b-ade7-325566a8c427,maintenance,1471
afe00492-3388-41ab-abbb-a5dc80801872,25ec467b-eaf4-4058-8644-9cf6a35c64cd,install,2513
07bcaaa0-e422-4c11-bc6f-c17e2eebe387,5df9c2c0-5bbf-4cc9-95ca-bad3b365cd53,repair,609
07bcaaa0-e422-4c11-bc6f-c17e2eebe387,7569a44b-980e-4cbd-89f5-c0c301ef6f2c,painting,3388
070c57d3-f888-495b-8d7e-96f4ccf1f126,148384d2-033f-4b30-b56b-98ef2a5d17c1,painting,218
070c57d3-f888-495b-8d7e-96f4ccf1f126,04f9cefe-c94b-46b3-bf07-f9740729bab8,install,505
070c57d3-f888-495b-8d7e-96f4ccf1f126,ff9c231a-47a1-479f-8bee-4a2205a4b551,cleaning,226
070c57d3-f888-495b-8d7e-96f4ccf1f126,651b99d6-4f3d-4833-95f5-8803ac1cab67,repair,1187
7d7dae4a-645c-4e3f-9307-2b6b53a930ec,9c7c91f8-0bc1-4b9f-acaa-456cfaad3768,maintenance,627
7d7dae4a-645c-4e3f-9307-2b6b53a930ec,1d2bf3a6-053e-450e-b92d-b2977ff850ac,install,692
d434509b-0f82-4a23-bb76-f2ab15e1be33,d9475feb-0966-4abb-96b0-36d876462e7d,other,3093
d434509b-0f82-4a23-bb76-f2ab15e1be33,678cb8c8-cc6b-444d-bc5b-095807ffed03,install,4470
db5b454c-c080-42ca-aa4f-122649ce732d,f265ba06-e2aa-471d-8415-c77a4f63bf11,repair,664
db5b454c-c080-42ca-aa4f-122649ce732d,1feaf68b-6bcf-4fd9-b2cf-c2729e5f1488,maintenance,725
db5b454c-c080-42ca-aa4f-122649ce732d,54bf74b5-3337-4496-bb4e-836082a17dd9,maintenance,43
db5b454c-c080-42ca-aa4f-122649ce732d,1955e13a-2fa5-4cb5-8632-063aaea1c3f4,repair,1721
f7d0cf10-a016-42f2-a721-d0fc7198591f,456d5782-60ab-476d-9870-cf759ae181f4,other,210
f7d0cf10-a016-42f2-a721-d0fc7198591f,09b6a397-c2e8-4756-9130-0e074af1c1f2,cleaning,50
f7d0cf10-a016-42f2-a721-d0fc7198591f,2de192ee-7aff-479f-8c69-ea07c5328681,repair,1521
f7d0cf10-a016-42f2-a721-d0fc7198591f,a202233c-cbc8-48e6-8d86-773fd5fb235f,construction,1966
27a90dbd-04c6-430d-9ea3-ab0f152fcfeb,61f9b393-aa20-4b0d-996c-8be35d7f7de5,construction,122
27a90dbd-04c6-430d-9ea3-ab0f152fcfeb,d30b1fce-ade4-4930-8990-c5df3c3068f2,maintenance,236
27a90dbd-04c6-430d-9ea3-ab0f152fcfeb,3727d992-49ad-4f91-9068-22c8bb71004f,maintenance,246
27a90dbd-04c6-430d-9ea3-ab0f152fcfeb,2beba48a-f3aa-47a9-b363-ac1062296793,cleaning,68
27a90dbd-04c6-430d-9ea3-ab0f152fcfeb,4a2dc76b-d15d-467d-8ce6-1e97e41f9057,cleaning,610
c8c43eed-d892-4a81-966e-e9d701899e32,fadb2d65-5d13-4826-8607-5dad2c12497f,repair,49
c8c43eed-d892-4a81-966e-e9d701899e32,f7d5df5a-7834-4294-9259-1694388d79e1,painting,96
c8c43eed-d892-4a81-966e-e9d701899e32,5b7ee27f-2724-4642-8c22-be3275d56c49,cleaning,99
c8c43eed-d892-4a81-966e-e9d701899e32,10a4cc57-21ea-4dbd-88a3-41aec7dc87de,cleaning,157
cbab2f4d-0e7b-4b96-a2e8-5395e69f60b6,352007a0-cf7d-4544-8204-57850c33bf5b,cleaning,549
cbab2f4d-0e7b-4b96-a2e8-5395e69f60b6,2af0c588-292b-424d-945c-072d1bd10345,painting,1042
cbab2f4d-0e7b-4b96-a2e8-5395e69f60b6,94c33ca3-5f99-49e2-abfc-7e6086863fc2,painting,1473
12fcbab6-3b14-466a-9ce8-6352a2fbd043,26bf9371-75b6-41da-99c4-fb0436b7fd27,repair,6080
40ffc549-cf6a-4c46-80ed-ca5155f8545c,a825de92-f7d9-43c5-91a0-6e17711f65e0,construction,568
40ffc549-cf6a-4c46-80ed-ca5155f8545c,0eed634d-611e-4488-aa14-215159b21e43,painting,420
40ffc549-cf6a-4c46-80ed-ca5155f8545c,576eb492-e2e4-42e1-98d2-32917d304f00,repair,354
40ffc549-cf6a-4c46-80ed-ca5155f8545c,95608bfd-afe5-40de-ab9f-cac3d0fc3e9b,repair,1689
40ffc549-cf6a-4c46-80ed-ca5155f8545c,302c6fcc-0d84-401b-bfe8-f952ab615086,cleaning,1907
0b191aca-8dfd-4f9e-bf29-898c525c1765,014f6f23-be22-47c6-b9e8-9ceee59a273a,repair,960
0b191aca-8dfd-4f9e-bf29-898c525c1765,9c63c9a0-a6d6-49f0-b5b6-c916833b66e6,painting,1158
0b191aca-8dfd-4f9e-bf29-898c525c1765,5bfe2848-7040-4fcb-beee-7f5a7dcbb7c3,maintenance,4259
9eed5e80-19cd-4051-9b50-34d1e927f5ef,9b72bc2c-c303-477d-9978-3f5afc21c0be,repair,354
9eed5e80-19cd-4051-9b50-34d1e927f5ef,d6b35b7c-2aba-44b8-a35f-4ab890a8eb70,other,584
9eed5e80-19cd-4051-9b50-34d1e927f5ef,a0cbddee-ff25-49af-b9e8-5dd08e68e3a2,construction,676
9eed5e80-19cd-4051-9b50-34d1e927f5ef,2285eae6-b527-492f-89eb-cd6c2fbb8571,construction,698
9eed5e80-19cd-4051-9b50-34d1e927f5ef,a13076eb-f34f-47e8-b011-6ddf5aac0abc,cleaning,2759
5b682524-7640-4432-b5a4-d2c818aae595,98084253-0d9c-4d94-9701-7600f4aa81f2,construction,366
5b682524-7640-4432-b5a4-d2c818aae595,bff523a0-ed85-4e04-abd5-868806df11cf,construction,228
5b682524-7640-4432-b5a4-d2c818aae595,86de6124-3aba-418d-8a57-2f6f9168703e,install,1688
5b682524-7640-4432-b5a4-d2c818aae595,3ea212a1-ce6b-46f0-a144-76580f6758e7,maintenance,1759
3b4f2724-3808-48df-8614-9bc1445c9b6d,437e5fb0-14dd-467d-9998-a913330b61d4,maintenance,1569
3b4f2724-3808-48df-8614-9bc1445c9b6d,d2a17ea5-8bf4-4d75-954b-478b4d2b7a32,other,1156
3b4f2724-3808-48df-8614-9bc1445c9b6d,ddd89cb7-1c5c-4ede-a644-c3f15a67dd5c,other,74
3b4f2724-3808-48df-8614-9bc1445c9b6d,a76c96a5-30a3-43fb-b609-f1ad92425db2,install,399
3b4f2724-3808-48df-8614-9bc1445c9b6d,2fb778c9-be10-4026-864b-d2371031bbb7,other,5258
2b2782e6-f853-4e83-b8d1-00ca5ab583ce,bfd7a8b9-5543-4b25-808c-07b34a353778,other,149
2b2782e6-f853-4e83-b8d1-00ca5ab583ce,520460f5-a5fd-453d-9651-63be13d0d28b,cleaning,8
2b2782e6-f853-4e83-b8d1-00ca5ab583ce,98a1db5d-6e1d-4c3c-9f1a-537b4a8ab462,maintenance,487
96f32a73-5e6d-4e35-9069-25572e88e483,665bb194-e22f-49e3-864d-c2c6b18b7bcb,construction,2425
96f32a73-5e6d-4e35-9069-25572e88e483,cd0138c8-55f1-4e97-ba0b-650de1c529af,construction,4701
83fa0de3-8ea6-41e6-89ab-4a0dcb04b451,f72c4f67-f2d2-4a7f-86d3-97a557096cd9,install,434
83fa0de3-8ea6-41e6-89ab-4a0dcb04b451,069f5186-5e53-4210-b134-11643399670e,painting,1226
85cb687b-71eb-4488-a46f-fadbb8eab632,ac474292-ffa5-4af5-8f5f-16b80879fe77,painting,652
85cb687b-71eb-4488-a46f-fadbb8eab632,f5a02198-c557-4746-a98c-a185128717b5,install,1910
96eb5420-1354-4cde-985f-db6e4143c083,769af8b2-8cdc-48a5-8964-b9813aeee67f,maintenance,624
96eb5420-1354-4cde-985f-db6e4143c083,7cd4722a-f33b-42ce-919d-6905fd836f49,repair,1955
8f8591b4-3ce1-4908-be85-d78f299b4f2d,4e96c6c2-9097-43f0-8345-2e2c6b76cf60,other,1406
8f8591b4-3ce1-4908-be85-d78f299b4f2d,c7b55ad0-3ca7-4098-b0de-feb7a1963a94,construction,996
8f8591b4-3ce1-4908-be85-d78f299b4f2d,cef137be-2ad9-4938-99c4-2f121601ac49,repair,6543
3e7de7c7-7b8e-4cf0-bafa-c1f4ec4e8e0f,cb03334b-7514-4598-8d61-9bafcf870cea,other,1490
3e7de7c7-7b8e-4cf0-bafa-c1f4ec4e8e0f,d1551de6-d931-43c7-951e-599633ba15d3,construction,2165
f11a795d-c6fc-4750-9307-c8c73745a07e,efe1c49c-923e-46bf-8dee-3ab76f13b3ec,maintenance,9166
9004ce10-d00f-406f-9d82-ecdfd9dcfcfd,9d4d0ec2-ee80-4355-a44f-f7e2d139272d,install,5489
43f79701-b71c-4770-ba13-bc8460f0f607,5ae75032-edc5-48e3-afd7-60dcd5e6c250,repair,542
43f79701-b71c-4770-ba13-bc8460f0f607,4b60991c-a206-4fd4-92b9-c585e660100d,painting,7125
c628ade6-a1e9-4a3e-8490-e114daa47c63,8b52db8b-2fdb-43b4-8867-e9fb92d71663,cleaning,1129
c628ade6-a1e9-4a3e-8490-e114daa47c63,2affc82c-e391-495c-94ed-a1fdbfbed14f,construction,944
c628ade6-a1e9-4a3e-8490-e114daa47c63,33a28a2a-c160-4a37-a49e-a0fc28607749,construction,1588
c628ade6-a1e9-4a3e-8490-e114daa47c63,c2e7b258-6310-4980-9c63-6c0a6bac2c3c,maintenance,1721
dae6eaa6-fb88-4889-beb0-2c0963af3de8,71ce7635-7376-47c6-b07d-e68ba02b5a91,cleaning,727
98d9c430-59c8-4843-b076-2aa61629afdc,37a21f28-e82e-418c-abfa-b8f0037058e2,install,1435
98d9c430-59c8-4843-b076-2aa61629afdc,f7bc896a-c304-42ea-857e-bd5d60076169,cleaning,785
98d9c430-59c8-4843-b076-2aa61629afdc,2d70970a-20c3-4eeb-b19b-49a74e04dec8,painting,1665
98d9c430-59c8-4843-b076-2aa61629afdc,7f649db5-80a4-4f9a-a72f-4695d05568ee,install,171
98d9c430-59c8-4843-b076-2aa61629afdc,fe308b2c-287d-45f1-bd5b-48a3785f4216,maintenance,3244
04ebc468-12f2-4f23-a65a-1bc523ccc613,4f2004e8-844d-4f0d-b52c-2302af3d188d,construction,1066
04ebc468-12f2-4f23-a65a-1bc523ccc613,d67394f6-c461-4479-8d67-d6c26625f780,painting,7358
f1bae320-9982-4423-914e-eb342714e573,c5ac71b9-299a-434f-8c93-ea4c8db19655,install,166
f1bae320-9982-4423-914e-eb342714e573,86791c9a-f6e7-4686-99b2-6404867d51ee,maintenance,2032
f1bae320-9982-4423-914e-eb342714e573,9105df95-14ad-445a-9c07-31bf61defcba,cleaning,5582
f2cb32a7-16e8-4bd6-97d5-c494ddfcb727,d79118b5-2b0d-4bcb-968f-2d59ec85c6f0,painting,8874
c31f7d64-e596-4725-9c0b-d388b734556a,c884b2c6-d60d-4667-a35d-312548ceb1df,repair,359
c31f7d64-e596-4725-9c0b-d388b734556a,2cd5766b-9470-4c76-b888-8782648ce23e,other,1100
84730c70-0fe0-41b3-8dfb-018f1d8fe0cd,53a1c35a-7ef6-4da1-b389-6c3b4e53e764,maintenance,43
84730c70-0fe0-41b3-8dfb-018f1d8fe0cd,96f7abce-6852-4f9e-b903-a0d4e2d1ba86,other,163
84730c70-0fe0-41b3-8dfb-018f1d8fe0cd,e0b58f92-1dfe-4a43-b86b-f578733623e4,painting,371
84730c70-0fe0-41b3-8dfb-018f1d8fe0cd,323c1df8-8e93-4d84-b522-48b0d605c35f,maintenance,791
84730c70-0fe0-41b3-8dfb-018f1d8fe0cd,a53aa9d7-436f-44fe-89fc-6448c5a635f8,painting,906
c2c9681f-ed62-44f8-8c01-2bfc70becd33,33fce71a-3870-4a7a-8d3a-7b4d139c68fd,repair,43
c2c9681f-ed62-44f8-8c01-2bfc70becd33,9f0c727f-1603-418c-81df-8e4170048729,cleaning,194
c2c9681f-ed62-44f8-8c01-2bfc70becd33,a3974bad-1481-4323-8b92-ead8abc14a66,other,1423
c2c9681f-ed62-44f8-8c01-2bfc70becd33,1a18df61-047d-446e-bd61-03f43057ebbd,maintenance,1785
c2c9681f-ed62-44f8-8c01-2bfc70becd33,86af77c1-90b9-4e1e-86b0-8effd237b651,cleaning,2712
c769bbe3-d3e5-4ae8-9b05-6039cf2774c2,8dac252a-07cc-4ea7-91a5-cefd6b9e19a1,maintenance,119
c769bbe3-d3e5-4ae8-9b05-6039cf2774c2,1f3aad91-0bd6-4a17-a6c1-0ac9115a6040,other,150
c769bbe3-d3e5-4ae8-9b05-6039cf2774c2,99391f7b-8b1b-4a27-bff7-7841a33750f3,painting,21
c769bbe3-d3e5-4ae8-9b05-6039cf2774c2,6c5a6949-bb54-4f36-b65c-4a7cbbe3c801,construction,49
c769bbe3-d3e5-4ae8-9b05-6039cf2774c2,be9bbc37-3adf-402c-9b80-e3f921a37595,painting,494
08501c4b-101a-4190-9840-4e7ef870cb92,d46b9644-015c-49de-90f0-ea284279b9e9,painting,1270
08501c4b-101a-4190-9840-4e7ef870cb92,ea2f1b33-1d62-437c-858a-dd11864a4b90,other,467
08501c4b-101a-4190-9840-4e7ef870cb92,c9fbce36-5398-4047-8812-9dfeef5d0776,other,1135
08501c4b-101a-4190-9840-4e7ef870cb92,b1620db6-51ce-48fa-af58-85d5a209f221,repair,1488
08501c4b-101a-4190-9840-4e7ef870cb92,172a66d0-f2a9-473d-986d-5713419ad24a,maintenance,2449
011af890-8d27-4456-a34b-8dfa76bbdb27,28b95569-0e4c-4ef8-ba0d-bf43b4c5d87d,maintenance,25
011af890-8d27-4456-a34b-8dfa76bbdb27,4fcc1cd8-9727-4741-b720-ecab0bf3c940,other,38
011af890-8d27-4456-a34b-8dfa76bbdb27,d4be8271-97c3-4931-8b73-19cfdb9d8a91,painting,228
011af890-8d27-4456-a34b-8dfa76bbdb27,fe3246de-9b26-4693-9ad2-d774ed927fd7,repair,485
011af890-8d27-4456-a34b-8dfa76bbdb27,cd4b7a4a-a06f-4b82-a64f-1ccf1d14b803,cleaning,574
a24c1293-949a-4cc5-84e3-db3ef48ecfb9,0ecd4d9d-9fbe-4b7e-998c-61f6a3856cab,maintenance,1266
a24c1293-949a-4cc5-84e3-db3ef48ecfb9,ec77f185-4d52-4480-944d-2b82002731c7,other,2808
c71c8615-d978-4e03-a1c1-99354fc18a63,f29f6771-2014-446a-a52b-b126e4ace9ca,construction,1310
c71c8615-d978-4e03-a1c1-99354fc18a63,b40f63fb-2322-4f3f-ab86-0dc7e6326333,other,3190
c71c8615-d978-4e03-a1c1-99354fc18a63,499f85cf-0d55-4501-b1ba-7770c498412e,repair,4684
bf3f0a3c-1a75-4aee-a59a-f16138ea5faf,c0bac43d-5ea0-4dbd-95ad-0ab1afaf82eb,painting,371
bf3f0a3c-1a75-4aee-a59a-f16138ea5faf,a6e50908-1f2b-4dbc-a183-057f8b1f09ed,install,1153
bf3f0a3c-1a75-4aee-a59a-f16138ea5faf,e00bfa06-3494-4451-8bb2-35980612f124,construction,3048
f36f0b6c-6d3e-45a8-826d-4c965534599b,3d848053-4a07-4a92-829f-28fbb77d39ef,repair,634
73dd5683-7be6-409a-af86-1b37f4ad4193,9470f494-624f-4f35-9432-112ae797ad39,maintenance,160
73dd5683-7be6-409a-af86-1b37f4ad4193,46798b29-612a-4567-962a-8add65ab042c,painting,552
73dd5683-7be6-409a-af86-1b37f4ad4193,8e534297-dcfb-4ab0-8c2b-841d4e4e4d02,cleaning,692
73dd5683-7be6-409a-af86-1b37f4ad4193,c22f2afb-a770-480a-a3d9-353eea5e8bb2,painting,408
73dd5683-7be6-409a-af86-1b37f4ad4193,7d43b3ef-71e6-4f24-8737-cc6a52b9b201,construction,1321
f40af33d-1304-4224-8ff9-db6c8c0379fd,c3db6fa6-bde1-4964-b254-2c1f909767f3,other,71
f40af33d-1304-4224-8ff9-db6c8c0379fd,2096325a-9e52-4342-b2d3-daf217eef71f,painting,18
f40af33d-1304-4224-8ff9-db6c8c0379fd,a3804155-2349-4f22-9966-42f35f1ace88,construction,434
f40af33d-1304-4224-8ff9-db6c8c0379fd,28f8867e-1a1d-4781-8b51-0be4e4bb947a,maintenance,262
f40af33d-1304-4224-8ff9-db6c8c0379fd,33244444-31bd-4253-a1a7-887afe7ccfaf,maintenance,1067
e2316a96-b583-43f8-922c-370522fbcb70,fe334117-c383-4d58-b5dc-f8e7a97f9ff9,maintenance,2066
e2316a96-b583-43f8-922c-370522fbcb70,b9174e5d-936c-439d-b9c4-272d968193af,painting,916
e2316a96-b583-43f8-922c-370522fbcb70,36945e76-c062-4ecf-a272-fdefd46de1b5,install,3291
db5ecba9-a68a-4a98-844c-db537a742312,8e6d172f-d066-41b5-895c-2e31e82ddfd6,cleaning,6255
0e8c8a5b-8034-482c-a286-090c3e3cb754,6e15577f-3069-4f78-9147-a153ce9fa1c2,maintenance,383
0e8c8a5b-8034-482c-a286-090c3e3cb754,92c4f4c7-bb46-4dcb-a171-d5ff26d32510,cleaning,1606
0e8c8a5b-8034-482c-a286-090c3e3cb754,793eefc3-7656-4cff-8128-9b5176003339,install,1794
0e8c8a5b-8034-482c-a286-090c3e3cb754,0c2c29a2-3633-4bc4-8645-908bc7246e04,cleaning,1382
0e8c8a5b-8034-482c-a286-090c3e3cb754,ff63481c-dd91-45b1-8141-5e970d2adefc,maintenance,2805
4883178f-ac1d-4afc-a448-f434a45f7d42,42286d66-1b68-428f-9ba4-5f47f605ae84,install,141
4883178f-ac1d-4afc-a448-f434a45f7d42,c1789788-e97f-4a0f-8b0f-08c68943a2bb,maintenance,10
4883178f-ac1d-4afc-a448-f434a45f7d42,7a38dde2-6373-4d0d-9217-91bccee4b7b2,repair,1628
26f09cb9-121f-46ba-9d9e-cdd5521a49a1,4fb5ad59-8f95-429f-b7d4-28e46c3044f6,construction,1136
26f09cb9-121f-46ba-9d9e-cdd5521a49a1,3c1b2359-f755-4abc-be06-2fa7c6175893,maintenance,559
26f09cb9-121f-46ba-9d9e-cdd5521a49a1,c27eed7f-4f55-4343-bd58-3075ac9dbbd4,maintenance,280
26f09cb9-121f-46ba-9d9e-cdd5521a49a1,1455354e-2c93-434f-8504-6a6fff4c0643,install,1344
26f09cb9-121f-46ba-9d9e-cdd5521a49a1,d7224de0-8519-4458-95e9-b0759b9e749c,other,6605
f4b0a64b-5791-4c94-8a7b-7935292e19ec,b337b5cd-01f6-48c6-8311-685d8d80caa1,maintenance,1867
f4b0a64b-5791-4c94-8a7b-7935292e19ec,5085c11d-0d75-4882-96c2-c2110048d6d1,construction,290
f4b0a64b-5791-4c94-8a7b-7935292e19ec,5e2888b0-8179-4fc0-9ede-6822356e989a,repair,88
f4b0a64b-5791-4c94-8a7b-7935292e19ec,2a336f31-d908-4464-bbae-d0135abbec7f,painting,5958
1cb04fbe-9941-4990-be4a-68c05ad0ac42,0af991ff-6d41-4f8d-a616-5b5cc4e9b8e3,install,750
1cb04fbe-9941-4990-be4a-68c05ad0ac42,16c70807-b4fd-4c2b-b137-219b8b790ed5,other,1383
1cb04fbe-9941-4990-be4a-68c05ad0ac42,e5df451c-2f2a-4651-9f4f-526d62a9afcd,painting,1676
fb75350e-bc14-4451-8d39-16d598ceae62,f0764520-75e9-4ff0-916d-4f23cdd5af69,maintenance,1625
fb75350e-bc14-4451-8d39-16d598ceae62,fb5e80f3-645d-4088-8b0f-5f8136e0ebde,other,1442
fb75350e-bc14-4451-8d39-16d598ceae62,45b7aee2-e73e-400b-8e96-0560b1ae17fd,other,1544
fb75350e-bc14-4451-8d39-16d598ceae62,6c837566-18ce-475b-9ecf-27d99073e02d,install,65
fb75350e-bc14-4451-8d39-16d598ceae62,5d089af4-055f-4b0c-a126-68faa5db5265,maintenance,3605
f093fe39-354e-4ae2-a4a4-5ba7d510b730,436ac87b-5a8a-43b1-93e7-79a6d4b94dc4,construction,166
f093fe39-354e-4ae2-a4a4-5ba7d510b730,d3ad4301-5712-40d0-9f3e-536f28c681b7,other,3245
5b6caaf5-5241-4f05-aaba-7299776cc9ac,76e861bd-006e-4951-b097-26692d0f6b78,painting,502
5b6caaf5-5241-4f05-aaba-7299776cc9ac,314050af-70e8-43d1-9ace-349baa5731fe,construction,219
5b6caaf5-5241-4f05-aaba-7299776cc9ac,66118b02-198b-46de-80c1-a72d6fafc298,construction,3908
410aafef-e556-427d-8c7e-95e5593c11f3,446dc718-c7bf-4a1f-9e6d-fbe789c446cc,painting,80
410aafef-e556-427d-8c7e-95e5593c11f3,d41809a8-4fde-4094-877f-24866239ef7d,construction,732
3f7fd549-d8cb-4b57-9489-b7d9f1a9dd51,6935fe95-92e1-482d-82b7-a741240b2014,repair,457
3f7fd549-d8cb-4b57-9489-b7d9f1a9dd51,61c63b3e-072d-415f-addb-0e83bd2ec03d,painting,1132
3f7fd549-d8cb-4b57-9489-b7d9f1a9dd51,0d28f115-d874-45d5-967b-4e82a65ad243,install,73
3f7fd549-d8cb-4b57-9489-b7d9f1a9dd51,cd358593-bba3-4318-a28b-20d3bc56e8a1,maintenance,1365
3f7fd549-d8cb-4b57-9489-b7d9f1a9dd51,1f0c8dda-c059-422e-be67-d84c7e882954,construction,2568
b1c987de-29db-4dc8-b968-e629c81675a9,7bffd97a-7682-45e6-ab80-da1c49a3ce5d,maintenance,450
b1c987de-29db-4dc8-b968-e629c81675a9,1781a9a1-657a-4f4f-a5b8-9b954c9ffdeb,repair,2103
b1c987de-29db-4dc8-b968-e629c81675a9,da795ac6-9a73-4075-bdf0-771ea74dd7c8,install,1668
b1c987de-29db-4dc8-b968-e629c81675a9,051a4145-2590-4d04-9e36-986989dbf47d,cleaning,1199
b1c987de-29db-4dc8-b968-e629c81675a9,6805064a-9503-4cce-8b33-8277a0669d80,install,3631
b23b026e-3ec6-49de-b4c9-244c3c33a80d,4dca6abf-d87c-4504-ba3e-d357eb4545b4,other,753
fb3657e4-4675-4e88-96c8-9f1c585f5588,2e6e8ea3-d5a0-4720-bf61-1b7da1bb470d,painting,343
fb3657e4-4675-4e88-96c8-9f1c585f5588,a3a2f7ca-2dbc-4853-9b40-7f0f73b18d1a,maintenance,707
fb3657e4-4675-4e88-96c8-9f1c585f5588,eefae9f4-411a-4345-b80d-2158bfa02b97,other,464
fb3657e4-4675-4e88-96c8-9f1c585f5588,98d0dc03-6293-451d-a040-d28912a3fe54,install,573
fb3657e4-4675-4e88-96c8-9f1c585f5588,22116fbf-163e-4ee4-aacd-392c2bfd9dcd,construction,1860
91ea21c6-3343-499d-ad56-b94c09e0d46c,c09f8164-a8a9-4208-a114-87be6914c229,maintenance,1066
91ea21c6-3343-499d-ad56-b94c09e0d46c,6e477e87-2169-4d0a-a09b-3577dce02fc8,install,660
91ea21c6-3343-499d-ad56-b94c09e0d46c,b7eea646-4f9b-4c8f-b9f8-1900154a475d,other,2154
91ea21c6-3343-499d-ad56-b94c09e0d46c,359b5bc2-7b97-4865-a89f-4e226c3c2706,construction,1079
91ea21c6-3343-499d-ad56-b94c09e0d46c,ee1df158-ad32-4c11-ad01-786a1b6c8a0b,painting,4931
3edc67ff-3f71-4600-aaa0-0715010fb1d4,f348e905-e186-4dcd-b79c-f842a1441325,install,5299
eb050482-a0e7-4929-a2fe-3910e5ce9dc5,a28b99de-cec6-486c-85d9-082c8642e663,install,138
eb050482-a0e7-4929-a2fe-3910e5ce9dc5,047fa8a6-027e-4d62-a886-45c6b6a6c700,cleaning,1091
eb050482-a0e7-4929-a2fe-3910e5ce9dc5,0d9bf374-a00c-4367-b6da-a0eeb27359f7,construction,786
eb050482-a0e7-4929-a2fe-3910e5ce9dc5,a5603c04-2472-4fb8-bb3d-f9dc709275ed,install,4464
58001e16-9fef-41cd-980f-f50153520db8,ea850336-d5e4-4331-bdf4-0438b8e43e13,painting,2615
a4dede29-a9b9-4289-961e-62416bab015d,d0696a6d-d3e5-4dcf-afee-bf2759514980,other,958
a4dede29-a9b9-4289-961e-62416bab015d,63cf065b-5457-4841-bda3-12bf58a76031,install,2208
a4dede29-a9b9-4289-961e-62416bab015d,8a11aa40-3efd-4fa6-896e-66d753bae6cb,construction,5648
0c4c8adf-b7b4-4622-960a-d97e66fa808d,9bbb1a91-2128-4276-a040-257eb2bd198a,other,229
0c4c8adf-b7b4-4622-960a-d97e66fa808d,e185e21c-ae62-4299-afa1-5f03528ece16,construction,77
0c4c8adf-b7b4-4622-960a-d97e66fa808d,459286ab-77ab-4c0b-adfb-85293f8d2984,repair,7266
af7a7b01-7bcd-4ccc-acfe-61293c6cff48,427a0f75-d6ef-469d-af1b-34248d626441,painting,33
af7a7b01-7bcd-4ccc-acfe-61293c6cff48,cf36435f-108c-445a-9f7b-69ce1bbe03e7,painting,467
af7a7b01-7bcd-4ccc-acfe-61293c6cff48,d8e45513-863b-4b8d-b115-773872b9f5d3,install,1230
af7a7b01-7bcd-4ccc-acfe-61293c6cff48,22eff1f5-8cd4-4ef5-9139-3118b4e3aaa9,repair,4193
d339fbd3-05e4-4873-abdd-64203e11f520,055a5553-7c6b-4755-80ff-728e3edfd938,cleaning,2624
d339fbd3-05e4-4873-abdd-64203e11f520,34932149-f36c-434e-aeeb-83abab4f9f25,cleaning,2279
d339fbd3-05e4-4873-abdd-64203e11f520,43f8847e-a581-401d-8acd-448820b2491d,install,3942
854daa7b-b9f9-43bd-9582-8e5d24c34f69,718047af-df86-49fb-a9f7-ccc51353c15c,maintenance,765
854daa7b-b9f9-43bd-9582-8e5d24c34f69,145e740c-b9bb-4eda-89c4-819bed4b7bb4,cleaning,586
854daa7b-b9f9-43bd-9582-8e5d24c34f69,839536cb-fc01-463f-a511-38547f91c9a2,other,918
854daa7b-b9f9-43bd-9582-8e5d24c34f69,5526dbea-e336-423e-bec3-3bd5fbcebf28,maintenance,448
854daa7b-b9f9-43bd-9582-8e5d24c34f69,793281f9-9c15-4e66-ac85-6910fe32c526,cleaning,4722
be2cc39d-07b6-483b-95c8-0a203680631c,40a3980c-334f-47e2-a950-5679de6ff968,repair,1914
be2cc39d-07b6-483b-95c8-0a203680631c,2b259565-1600-4b0d-87ab-6fbfa9a86fd3,repair,1560
be2cc39d-07b6-483b-95c8-0a203680631c,9c3270c4-baeb-4030-9f4a-0ee7ebd2c964,painting,4250
cfc8287a-b0b7-486c-b5e9-53c0180acb88,70825fcf-b2ed-46a4-a210-713132d45c9a,cleaning,779
cfc8287a-b0b7-486c-b5e9-53c0180acb88,fc0e86d3-505c-402f-8c83-25b481cc1421,construction,576
cfc8287a-b0b7-486c-b5e9-53c0180acb88,04f716df-032c-4fa2-8477-746f29cf1071,maintenance,2956
8390f332-928b-4fe4-9fc7-2be2a5e12d62,7da5886a-4645-47b4-9384-2a14485bb88f,repair,4627
98b6a811-421e-45e8-bd41-bca15360b6e3,b892cec6-d000-40fe-b5ae-d8453476e546,repair,640
98b6a811-421e-45e8-bd41-bca15360b6e3,5f0666a6-259e-4925-aea7-064d82851cd3,maintenance,517
98b6a811-421e-45e8-bd41-bca15360b6e3,249eb832-5fa5-47b2-aa53-540148bb68dd,construction,561
98b6a811-421e-45e8-bd41-bca15360b6e3,6b130a92-58f1-4d12-8d0d-47568ed9fb7b,painting,2097
e7932580-4599-4e09-aada-b9ab64722aa5,2ebae5b0-c00c-4593-a3f8-929b3a2d70fc,repair,415
e7932580-4599-4e09-aada-b9ab64722aa5,447d4de0-a943-4cc5-adf9-a53897bd7ff7,other,2249
e7932580-4599-4e09-aada-b9ab64722aa5,0023de04-019c-4074-89fb-6c3669e54a51,cleaning,2701
b9a59fcf-6156-418c-93b7-b3238c1a3e5e,f6ed51ba-50b2-488f-b49c-b2d94c5499e7,construction,1333
b9a59fcf-6156-418c-93b7-b3238c1a3e5e,3fe1b1d0-921b-4287-8e71-b462d83d14b3,repair,1028
b9a59fcf-6156-418c-93b7-b3238c1a3e5e,c44806d4-6df8-4618-9aff-8fb38de8493a,construction,339
b9a59fcf-6156-418c-93b7-b3238c1a3e5e,c5af13b9-4f12-4c07-9dcc-585db985627d,install,2981
d0ad6752-bb3a-4664-a26a-26507a03542e,11bd531f-da37-4f81-ad46-c81f2be94a81,other,408
d0ad6752-bb3a-4664-a26a-26507a03542e,dcc35e19-86ee-4056-b758-4c79c801830d,painting,719
4ba65beb-ba29-42af-87df-778a116e76b9,d274ad08-d720-40d5-ab73-89771cdc9a36,other,737
4ba65beb-ba29-42af-87df-778a116e76b9,7b2eb588-bb93-4d86-a05d-34ce2dd0e949,repair,44
4ba65beb-ba29-42af-87df-778a116e76b9,5070792e-0808-4e56-8de7-dc54d7bb316d,install,135
4ba65beb-ba29-42af-87df-778a116e76b9,e7954d09-b3a6-4355-970c-b4923adaba68,construction,1792
4ba65beb-ba29-42af-87df-778a116e76b9,1ef14a44-edd7-46bf-b92d-6cee8f65929e,painting,1825
19e85820-52ff-4078-836b-77dfcad4bb5f,55e26fe3-cdb8-4f04-b92a-910896cf8136,construction,16
19e85820-52ff-4078-836b-77dfcad4bb5f,3134b71f-c070-4217-940d-dc24a538f820,repair,180
19e85820-52ff-4078-836b-77dfcad4bb5f,7043a1c3-8491-4f60-ac4b-9cff1c05b427,other,3075
d69da671-db38-4e16-8b4c-f81cd4d0fd81,1fef27bc-1df5-4c19-ae10-4dc74caff873,repair,2265
7f9d68ec-3e40-47c4-af09-926c19ed5a5e,60b8dfc5-06e2-4d26-8b14-1754b9a90550,other,992
7f9d68ec-3e40-47c4-af09-926c19ed5a5e,146ab48b-1122-4cbb-a600-516c806f0ba0,construction,1129
7f9d68ec-3e40-47c4-af09-926c19ed5a5e,0332ddfc-5c65-4c4a-b419-d8c9dc16d3ef,painting,919
7f9d68ec-3e40-47c4-af09-926c19ed5a5e,ba392ec1-7523-4b68-a03d-195835ecdc73,painting,1410
07204636-9951-462b-87e3-66840bff1848,206eb802-58a8-4508-bcda-ca1d4ddbe49e,repair,93
07204636-9951-462b-87e3-66840bff1848,ef4671c9-8af3-4304-bb51-9f19ced2e2d5,cleaning,631
291f9fb9-8d07-452b-88ac-7481248df7af,f2579ebb-db1c-401e-8e72-8bc992310f74,construction,130
291f9fb9-8d07-452b-88ac-7481248df7af,b8af6d48-5677-4349-b9b9-1b8722348dde,construction,37
291f9fb9-8d07-452b-88ac-7481248df7af,65ef03d3-2a69-4bea-8728-acc6689319e5,cleaning,97
291f9fb9-8d07-452b-88ac-7481248df7af,24c5e237-9b36-4ab0-bbfc-234f253b088d,painting,348
e42f7fab-881e-4f3c-a1fb-68521359d7f1,7f2131ed-6937-41e5-9b19-011624c01455,maintenance,459
e42f7fab-881e-4f3c-a1fb-68521359d7f1,e9ead9fc-a322-4f25-b3da-d1ecf486cd79,construction,1078
e42f7fab-881e-4f3c-a1fb-68521359d7f1,4e1100bf-6c7b-4a0a-9f4c-0d90322663a0,other,59
e42f7fab-881e-4f3c-a1fb-68521359d7f1,564d8349-74f9-4099-bcd9-8ab17bfa6107,other,3394
e42f7fab-881e-4f3c-a1fb-68521359d7f1,7dd8885e-acd8-4e9a-997c-7f0692886719,construction,3422
0162ea91-d491-4319-9a29-e4fa31b73585,8aa56d02-9810-4d7b-bf2e-ce33875db44c,cleaning,1382
0162ea91-d491-4319-9a29-e4fa31b73585,73f58e87-cc92-4050-881e-1513f5a1b28d,cleaning,7199
2a828633-e513-4964-9f65-9dced869ea15,54aa23de-8a7e-46f9-bcd6-d005cb0ae82c,other,120
2a828633-e513-4964-9f65-9dced869ea15,35da30f4-41ae-4c42-8f2b-e1cc92f4108d,install,296
2a828633-e513-4964-9f65-9dced869ea15,e3dd5d37-d5d4-4322-9064-21284f0363ca,repair,915
8692c652-9aed-411a-aa52-c4433f7cd0c5,4e184f5f-fefd-46d3-8baf-c209b50c81eb,cleaning,472
8692c652-9aed-411a-aa52-c4433f7cd0c5,27a94a96-d11c-4c6c-9a34-7736ae395e5d,construction,442
8692c652-9aed-411a-aa52-c4433f7cd0c5,3ae81abc-377c-4499-8de2-a118908268ae,construction,1839
092f69c9-5663-47f7-807a-f180fa5b73ed,44534c3f-3a53-46b7-9814-4cfdf5376ca3,painting,7612
a47514b7-324d-4031-8f60-14bbfe3c8275,acd691c4-9080-43d6-85c8-8b3eb2bd938f,painting,2542
a47514b7-324d-4031-8f60-14bbfe3c8275,4c6b1ab0-0da5-48c9-8479-dcb93c921281,install,60
a47514b7-324d-4031-8f60-14bbfe3c8275,1c04ef70-5d32-4bad-88b4-bcbeb42b0c58,install,5809
f293422a-9666-436d-b796-076d75ef154a,872f8c48-fb39-4aac-9b3a-61ad473c5246,repair,243
f293422a-9666-436d-b796-076d75ef154a,8a6c4dd4-2f71-488c-9c2c-6961a6d9fd18,maintenance,334
f293422a-9666-436d-b796-076d75ef154a,89b9d486-17c5-4c1a-bedc-420e2a568085,cleaning,531
4b427529-47f8-40f8-9893-0080b652a006,f7b6758d-1a5a-46de-a5c7-284688c8e157,maintenance,589
4b427529-47f8-40f8-9893-0080b652a006,484184fc-1f31-47dd-9246-011dd9339b44,install,4388
77de1e9c-b02c-4703-bdb1-caf6e025b6c5,520eb7a4-c2d2-4627-a788-9557ef68ccc5,construction,37
77de1e9c-b02c-4703-bdb1-caf6e025b6c5,404d6d60-8478-417a-9bf8-300f129a926f,install,31
77de1e9c-b02c-4703-bdb1-caf6e025b6c5,45b72932-5f7c-4040-88d1-06a14feb04a3,repair,176
77de1e9c-b02c-4703-bdb1-caf6e025b6c5,8a70dd73-8f86-43d4-95c2-19877bc85e49,construction,220
77de1e9c-b02c-4703-bdb1-caf6e025b6c5,b9dabdbc-5bb3-486b-b29c-eb6d8c8f3468,cleaning,608
a3122ee9-242a-4388-9e17-b009bb550b9f,c7772334-074a-430c-b547-7a3b62a5f2a9,cleaning,219
a3122ee9-242a-4388-9e17-b009bb550b9f,bd62efb3-1d4e-458e-a7dc-351aed74edfb,maintenance,2155
a3122ee9-242a-4388-9e17-b009bb550b9f,cf35c068-4ddc-4ca3-9c67-8545ae1aebc2,install,7200
89e0a75f-8ecb-45db-ae79-77aa99927599,7356ae37-1ba3-4b0c-81e4-71a48b9da8ba,install,683
89e0a75f-8ecb-45db-ae79-77aa99927599,d74838a8-9432-439c-bdf2-3882d3b1ec12,other,130
89e0a75f-8ecb-45db-ae79-77aa99927599,e174c636-b701-49f1-a89d-4c98dddff663,construction,231
89e0a75f-8ecb-45db-ae79-77aa99927599,e07edf82-77f9-4960-b058-7c67159dc46e,install,1412
89e0a75f-8ecb-45db-ae79-77aa99927599,7e533b67-7095-465b-b19a-3a04ccbe4c3a,repair,1533
eb2a905c-f823-4ccb-af30-1b56e62c672e,477531a3-dddd-4f1f-bfd0-dd64105fc0fa,construction,1024
eb2a905c-f823-4ccb-af30-1b56e62c672e,9a31560b-2aef-4888-bd2f-c50c1b8566d4,install,3403
eb2a905c-f823-4ccb-af30-1b56e62c672e,a610a187-8313-4235-86f1-d247e50ca6be,construction,5070
5c6465c6-643b-4cc1-baa2-cd0cb07333ed,99148a41-c829-4266-8757-ecc04ddb43f4,construction,5979
faa8a9e6-73c2-4e20-bdc9-296be898d067,06c37778-da4b-4aaa-b8c7-3cbcc3f04bd6,cleaning,1330
555f97d9-bb03-4f46-b92b-31ca9f6b5cc2,4da896e4-689e-4709-8522-5439f49086e9,maintenance,536
555f97d9-bb03-4f46-b92b-31ca9f6b5cc2,c653ea4b-02b6-44c2-ab8c-c95475983fae,construction,247
555f97d9-bb03-4f46-b92b-31ca9f6b5cc2,e6da27ef-8c61-4696-a766-159a1550b5dd,cleaning,440
555f97d9-bb03-4f46-b92b-31ca9f6b5cc2,2b11d6bb-6d50-4000-a7bc-0a43fe8a58f5,install,1515
57ef4b3e-d2f9-418a-aef3-7ecbebd22e26,b8a3068b-625b-4b06-a703-18ebbc66afa8,painting,245
57ef4b3e-d2f9-418a-aef3-7ecbebd22e26,f8fd17b2-b84c-4d5c-a633-25c484228c03,cleaning,1473
57ef4b3e-d2f9-418a-aef3-7ecbebd22e26,9c7b876b-571d-4595-ae3e-e7536b96f1c1,cleaning,1743
57ef4b3e-d2f9-418a-aef3-7ecbebd22e26,769ce58e-f381-4dc0-b6f4-557fc3c10df8,other,2721
d1561a21-a1c1-4e49-815a-e09307ee90b6,6b4dc0cd-20b4-4768-8e28-64d442c8c8d7,maintenance,128
d1561a21-a1c1-4e49-815a-e09307ee90b6,be9e6b6d-7b10-442d-a1c5-114856f5023d,maintenance,321
d1561a21-a1c1-4e49-815a-e09307ee90b6,b4a47663-7ad7-4e30-875a-43c37877c839,maintenance,653
d1561a21-a1c1-4e49-815a-e09307ee90b6,5d036462-f568-4e0b-90cd-a6ea97b9e27d,painting,4688
a6b2a8aa-19a5-4f44-ad72-6cf1f7e6be0b,fa372888-d74c-4f06-96db-afbe267e4009,cleaning,359
a6b2a8aa-19a5-4f44-ad72-6cf1f7e6be0b,8047c56b-1e45-4f4d-91e5-ea11dbbe3425,install,438
a6b2a8aa-19a5-4f44-ad72-6cf1f7e6be0b,d7a3ad39-c254-47d0-a492-004282ddc95a,maintenance,133
a6b2a8aa-19a5-4f44-ad72-6cf1f7e6be0b,bb6dfbdb-1da9-44d3-a918-cf97066c13e4,other,572
a6b2a8aa-19a5-4f44-ad72-6cf1f7e6be0b,22ab02fc-14b2-46ad-bc4f-0aa8f73b303e,construction,629
80275db9-0a88-446e-a3c3-28066fdbeb53,d9181c57-e9c7-4b82-b564-88023a30264b,install,5046
d1de7d78-a408-4f93-9e72-a220d4388ae8,d9ac714f-2c79-48a4-8ffb-dbc134e00264,other,1883
d1de7d78-a408-4f93-9e72-a220d4388ae8,48a1be98-ca61-4531-b826-a8f1ae0ea164,other,3809
1daea4bb-f869-4bc3-83a6-c7bcb8c24a95,258a0095-6418-4592-ac8f-9095dea89629,repair,394
1daea4bb-f869-4bc3-83a6-c7bcb8c24a95,da1024f5-0284-4195-ba6b-2543a81c88ed,cleaning,1191
1daea4bb-f869-4bc3-83a6-c7bcb8c24a95,9734bc4f-f7b4-48f7-8e32-6e147af9123e,other,1111
1daea4bb-f869-4bc3-83a6-c7bcb8c24a95,4cfbb868-5e6f-4947-91c2-a67874b897e8,painting,44
1daea4bb-f869-4bc3-83a6-c7bcb8c24a95,6c4fce4d-7fdb-4f3d-a36e-c4143077a2f5,other,5593
31e0b806-e0e1-4215-b465-bce6a5001354,8175e0b8-b063-4d0c-a000-b357846d11d1,cleaning,472
31e0b806-e0e1-4215-b465-bce6a5001354,c8b5616f-1296-4fcd-8ee7-aff81665a300,maintenance,6853
debd9e0b-4c86-450f-9d95-731ccd386ce5,7e9566d4-d9aa-4434-8506-463bfd78fc87,cleaning,1078
debd9e0b-4c86-450f-9d95-731ccd386ce5,7580510f-83a0-4c6b-9754-0b7353d547a4,construction,7519
be1629a6-cf90-4ccf-a4bc-1032834b64d4,c457575b-5862-4581-b46a-2dcea4432c2c,cleaning,781
be1629a6-cf90-4ccf-a4bc-1032834b64d4,3d0fb60f-bdb1-4eaa-9d5d-c5153b8de33a,cleaning,1275
be1629a6-cf90-4ccf-a4bc-1032834b64d4,0f3bee4f-a641-4ba5-9f09-755a5322eb5e,construction,2164
90418f32-aa0e-4a06-ab5e-3079ecd6a5f7,9ff4393f-0b3f-4ebf-a164-83d734d18b14,cleaning,865
04d788c9-7a2d-4e95-99f7-053fb72cd432,f8829751-ddd3-4341-be44-94560fb241a6,painting,105
04d788c9-7a2d-4e95-99f7-053fb72cd432,5c27f5c0-c82b-4acd-9885-a9f1dbeffcbe,repair,2122
04d788c9-7a2d-4e95-99f7-053fb72cd432,ecd27971-10f7-45d8-86a4-b98ce4684e90,construction,266
04d788c9-7a2d-4e95-99f7-053fb72cd432,41099de3-b062-462b-a4ab-f2b28b031986,other,4106
6d48b655-eef8-4460-8914-572d06b16b2d,db104ffb-067c-46f9-9b1c-31b6064a7a25,other,111
6d48b655-eef8-4460-8914-572d06b16b2d,d68a61f5-4d44-425f-a5b2-1ae0ca9907f6,painting,80
6d48b655-eef8-4460-8914-572d06b16b2d,d18f32e9-dec2-4625-82d0-5e18b995ec56,cleaning,51
6d48b655-eef8-4460-8914-572d06b16b2d,0320e04c-e47c-444c-beb2-5e86147dd1e8,other,112
6d48b655-eef8-4460-8914-572d06b16b2d,aa343424-169c-4463-bed0-c6cab8464689,repair,251
ba2a271e-35d2-4d52-a425-81a8e7c0f5b9,5462c458-3214-4563-a6a0-0e1b9f1e4556,construction,746
ba2a271e-35d2-4d52-a425-81a8e7c0f5b9,9a8c640a-0ee8-4530-8586-352b41bacb1d,other,3705
ba2a271e-35d2-4d52-a425-81a8e7c0f5b9,768d7570-bc79-4548-adb5-403d62b5390c,construction,4444
5d88d0ec-11a3-410e-932b-333ccc7cacde,773e1f7a-0915-4e4e-9d92-545553c41559,other,406
5d88d0ec-11a3-410e-932b-333ccc7cacde,85398589-7d7e-4370-a5d4-60cf4609351a,painting,311
5d88d0ec-11a3-410e-932b-333ccc7cacde,2497211b-ddb6-4bbc-8d77-420597a6063a,cleaning,523
5d88d0ec-11a3-410e-932b-333ccc7cacde,dad35eda-0b22-4bb7-a581-e657f6afe461,repair,234
5d88d0ec-11a3-410e-932b-333ccc7cacde,9d87d3c6-37a6-44cb-a86b-86fc9328d259,other,1105
ca8e7b5a-dd6b-4958-a487-55aacbae4409,2ee691e1-04a2-44c7-9483-9991b306229e,painting,8926
dafb9c8d-666b-4d7b-ba28-1332498b0740,db46ad40-1f27-46e1-b348-c8da020329ae,install,59
dafb9c8d-666b-4d7b-ba28-1332498b0740,e5e68f0a-966e-4a9b-a2e0-bb793d59c36d,construction,46
dafb9c8d-666b-4d7b-ba28-1332498b0740,d5c2922c-5bae-4021-9b9f-7e877e3fb3fb,painting,5
dafb9c8d-666b-4d7b-ba28-1332498b0740,27e25318-19a7-4312-9f47-845f5f120218,cleaning,43
dafb9c8d-666b-4d7b-ba28-1332498b0740,508ea268-af4e-4b7e-abbf-9194cf91885b,cleaning,152
71d741b4-d5c2-49a5-ab5e-66eef25f600e,50ded951-875f-45a5-9824-2fd7a57a506f,other,2821
5cd390e1-c09a-4293-a2aa-4c74f8164d4a,7467bad2-32d2-41e6-b2a8-8ad10099ab12,repair,559
5cd390e1-c09a-4293-a2aa-4c74f8164d4a,0f9b6ecd-a756-4009-b339-d6301a0f1bb4,cleaning,295
5cd390e1-c09a-4293-a2aa-4c74f8164d4a,412507f7-cc8c-4071-843d-e2d66621617d,painting,1023
5cd390e1-c09a-4293-a2aa-4c74f8164d4a,87d25e80-6514-4260-aecc-50c03fd03b84,painting,2339
ebc412cd-ee74-47f0-93bb-f1155dbad562,26d7c522-c5a2-4919-926b-8c6b1bbe697f,painting,436
ebc412cd-ee74-47f0-93bb-f1155dbad562,affc1d2f-b921-4e46-8a22-ad408b0736aa,repair,738
ebc412cd-ee74-47f0-93bb-f1155dbad562,ad3913b3-33e5-430d-8d05-5543429f90c2,install,258
ebc412cd-ee74-47f0-93bb-f1155dbad562,5c7bb675-aaaf-411c-b247-e3341c85922b,construction,742
ebc412cd-ee74-47f0-93bb-f1155dbad562,ac12b841-821c-488f-8d2f-622345d636d2,install,1240
27e6563a-d7de-430d-a9a8-2f3c15b51a8d,9c7b9c70-9385-433a-a28f-bc0b32b1a87b,painting,1448
27e6563a-d7de-430d-a9a8-2f3c15b51a8d,b1bfbf4a-07d7-4e35-82be-7cbf58cbf726,construction,965
27e6563a-d7de-430d-a9a8-2f3c15b51a8d,cf2fdf0f-d04f-4483-a06a-1bb102718376,cleaning,1550
27e6563a-d7de-430d-a9a8-2f3c15b51a8d,c3947a48-44c3-4cf1-baf8-0d8edec1dad3,repair,5164
95f4c461-77a0-4988-997f-a720022d350b,58656a06-0e78-4c69-a8e8-1ac5a4984c64,other,2259
95f4c461-77a0-4988-997f-a720022d350b,ca9554b4-dc4f-4ab2-9a27-3ec5367d676c,maintenance,1059
95f4c461-77a0-4988-997f-a720022d350b,921d2270-fdbf-4231-aecd-255c7bf5a62b,maintenance,3653
11019c86-fa0f-4588-81a4-467ca9473109,0bdc8aaf-96e6-4f5b-83ca-3e1284c38265,cleaning,869
11019c86-fa0f-4588-81a4-467ca9473109,89dad0a8-d6f3-41e5-80f6-c42c381f1954,maintenance,885
11019c86-fa0f-4588-81a4-467ca9473109,9cd1686b-a786-4137-b1af-2879a56545a0,maintenance,473
11019c86-fa0f-4588-81a4-467ca9473109,b80b8e25-88bc-4ab8-9cc6-a4dcf9a0d310,painting,5599
3eef8a06-3317-4702-9f25-89be55893f87,b0d94c1c-100d-4ead-a653-17f69a346ff3,install,532
3eef8a06-3317-4702-9f25-89be55893f87,dbb89a89-ea83-4786-a189-7602419f4d01,construction,1165
3eef8a06-3317-4702-9f25-89be55893f87,43b83868-4f07-4c3a-8078-64e27703d3d1,maintenance,119
3eef8a06-3317-4702-9f25-89be55893f87,5f55d8c6-8ae6-4594-af46-994a636921b0,repair,7136
581a62c9-a48b-4a5f-80f4-e7894190e967,89082ec1-5122-4886-add0-6b307b555d52,maintenance,6256
84d2093f-e2a6-4a68-9f1e-c72925e32b20,0cb80fd4-fff6-410e-b240-2f20043e1e46,maintenance,1631
84d2093f-e2a6-4a68-9f1e-c72925e32b20,8dbae60c-dc15-4aaa-bcc1-c0be63254b0c,other,6595
e4555e38-1c7e-43ce-a40e-99f3015dc902,4b6a2043-4f73-4af8-9e7b-acd371d51083,cleaning,879
46a8decb-2a35-4e18-b330-ee3509821952,f20ba0fa-053e-4f29-95a3-b2472cea8510,install,1831
1a3c0946-4bbe-45a1-ae8d-8633e2f98d93,8fa23a0c-7799-4390-af81-e2cfb4b9ccda,other,266
1a3c0946-4bbe-45a1-ae8d-8633e2f98d93,95cf67f1-4f07-4ec3-a91b-22cee4f44642,repair,462
42a2e002-46d2-40c0-8541-8ea80df63a81,61f4893a-0c54-41cc-9cc4-4ccfa3813d98,cleaning,10
42a2e002-46d2-40c0-8541-8ea80df63a81,806812c8-9d10-491a-8f9d-48d5a1bf55f7,maintenance,1
42a2e002-46d2-40c0-8541-8ea80df63a81,056bf4eb-2ca8-4021-a91e-1cbac2b395ea,repair,138
9527bc12-42a6-4e17-8674-e4299165b657,2ad63c63-2ec7-4736-820f-7280e0210ae5,repair,1264
9527bc12-42a6-4e17-8674-e4299165b657,fb4d6d3c-a6be-4807-9eed-4054f7ca19b7,other,584
9527bc12-42a6-4e17-8674-e4299165b657,49ceb3e4-a261-45b6-a548-8152b4a712af,cleaning,529
9527bc12-42a6-4e17-8674-e4299165b657,a828ef33-debb-4a96-9b9f-1cd87505f1ab,install,2151
9527bc12-42a6-4e17-8674-e4299165b657,0c94f83d-8477-4726-9d13-51a3110aa07a,repair,2195
617a23a7-d7d3-43c5-b3a4-dd52b4a72e55,af019071-7ad4-4e9a-a984-9314c9e25073,painting,581
617a23a7-d7d3-43c5-b3a4-dd52b4a72e55,de13b89c-f10d-4714-ac57-191d53ad8d70,painting,184
617a23a7-d7d3-43c5-b3a4-dd52b4a72e55,f6ae7d3a-fd10-4699-9e78-de45619fbc3d,install,18
617a23a7-d7d3-43c5-b3a4-dd52b4a72e55,6bcebd1d-a4bd-475b-97e2-04dc132b0620,cleaning,153
617a23a7-d7d3-43c5-b3a4-dd52b4a72e55,9284090a-0a41-4a00-b766-cd97cbb6bcc0,repair,2615
4c8bea9b-c588-463a-973d-7c50ec73a42c,1162b3e0-63a4-4827-ac00-464d0ae6e785,other,1397
4c8bea9b-c588-463a-973d-7c50ec73a42c,ef72b08a-a088-4784-ac82-2e78e396346e,install,40
4c8bea9b-c588-463a-973d-7c50ec73a42c,92dce4ec-c4ba-409c-8f4c-7ef74a64787f,other,1673
4c8bea9b-c588-463a-973d-7c50ec73a42c,4769351f-e8ab-49db-8f74-b16c1c83652c,construction,2491
c5f5e0fb-b6a3-4520-92e1-da6c379abf66,6a08bed9-2fe4-4119-b12c-105c51c536de,construction,537
c5f5e0fb-b6a3-4520-92e1-da6c379abf66,140e1da1-22f3-4de2-a5bb-4027947364d6,cleaning,4750
50c8577d-fa30-4c23-bf40-a89b8a2670a6,f3a77286-f915-413b-8c50-2939fa0a34fe,construction,153
50c8577d-fa30-4c23-bf40-a89b8a2670a6,c2979853-cade-46bf-8d80-54974e5bd7ce,cleaning,192
50c8577d-fa30-4c23-bf40-a89b8a2670a6,c93fad3b-38b0-438b-95d1-4e1089b3b65b,install,71
50c8577d-fa30-4c23-bf40-a89b8a2670a6,db1e1076-c48b-4e40-adfb-2c18a78885c6,cleaning,644
50c8577d-fa30-4c23-bf40-a89b8a2670a6,3cf0c3ca-92bd-49c9-b839-2feeee89ec5e,cleaning,1035
4ff938e8-14c8-45fe-921d-41a06ffe9eb8,0c2a187f-1f1e-4ce9-8bfc-a57ae4dad795,repair,970
4ff938e8-14c8-45fe-921d-41a06ffe9eb8,79d19370-0a64-43cf-835e-61897c5c20da,other,7676
4fa172dc-680c-407f-8fb2-df56eaa64dbc,86ed0d1c-67f9-49da-8594-6fb650d78f09,maintenance,25
4fa172dc-680c-407f-8fb2-df56eaa64dbc,14a5bb04-47af-43c4-8e96-401166a6aeb2,maintenance,1232
ca618df2-e07d-4c5a-b85c-a756ba6d4b8f,b0c5ffea-4956-43a8-a3a4-c27b6c5b489e,construction,699
32cafba5-f27b-49a3-9b77-20c11a916a29,98a04c6e-396b-4f8f-bbb0-3a19e7b17f7e,maintenance,834
32cafba5-f27b-49a3-9b77-20c11a916a29,41113cff-503c-443f-87f6-9f5cc9bb6df6,other,34
32cafba5-f27b-49a3-9b77-20c11a916a29,5b0421d4-7032-4f6a-bf88-6f7111dea196,repair,1463
32cafba5-f27b-49a3-9b77-20c11a916a29,f4d7f071-13a3-47b9-8381-fa1bee77d84f,painting,792
32cafba5-f27b-49a3-9b77-20c11a916a29,afb6efa2-0075-49ea-81ac-9197bad1a30f,repair,2413
1ca3e10a-913f-40dc-a39e-1cb2054d7bd9,6580597f-0c0a-4058-948c-e2090bd3b930,cleaning,594
1ca3e10a-913f-40dc-a39e-1cb2054d7bd9,8d07d1ca-b6dd-493c-93f7-01871fa26807,cleaning,175
1ca3e10a-913f-40dc-a39e-1cb2054d7bd9,6496d98d-29dc-43a6-be11-6f0cd0ccc732,other,1069
0942b55e-53ae-4c3d-8523-78f78a4c48a6,9ed6bb92-a968-4920-812b-9381770cda6e,painting,1643
0942b55e-53ae-4c3d-8523-78f78a4c48a6,80182a8f-4c6a-421c-b01a-32c820c23a40,other,3739
cf916e9f-5643-40d1-a716-a6b4ff7d6cc2,a681cab6-fca7-4820-b089-6f9791b5a755,install,1047
cf916e9f-5643-40d1-a716-a6b4ff7d6cc2,9e8dc140-c785-4a03-943c-a8446f2e38ac,install,602
cf916e9f-5643-40d1-a716-a6b4ff7d6cc2,2a145b00-5d79-41f0-bbba-712652f62386,install,3359
3dfd02b7-3647-46f0-99b7-a7d3fd184093,632f41a5-2780-4e95-829b-064e8e5b138d,other,102
3dfd02b7-3647-46f0-99b7-a7d3fd184093,eba5ac07-9513-406d-97da-f8d7f391d6e8,construction,1131
39c06e0d-ec07-40e2-bdb5-fdb5ef25d615,6bd7dece-9cbb-4293-a62a-1a050a47e6d1,other,836
437334ae-2ef3-4249-8998-8c76e68198fd,3865c2dd-ec22-4e66-b6c4-7588967c7737,cleaning,151
437334ae-2ef3-4249-8998-8c76e68198fd,0b9691cf-5f6d-43e8-8b50-2939c8dc1fa0,painting,290
437334ae-2ef3-4249-8998-8c76e68198fd,ce70fc9f-3c7d-4aa5-97d5-0aa9ff6183a7,repair,297
437334ae-2ef3-4249-8998-8c76e68198fd,2890d935-a3bf-4872-8791-bf2374b323fa,maintenance,811
9ba29f7b-3537-498f-9212-cd6d543ba156,7b262213-75ec-4537-902e-a03c809a01a1,construction,2680
23f694e4-2f0c-486e-ba13-1ef0e347959c,694f5806-ddc1-4313-ac19-fe6fb7c25440,maintenance,1256
a578da67-1e97-4211-a826-ecc08997dde8,a23ce452-b1a4-4399-ba57-31909c83750a,other,1561
a578da67-1e97-4211-a826-ecc08997dde8,b6c6d908-0a77-4f70-bfde-4c5c62dd9fac,repair,502
a578da67-1e97-4211-a826-ecc08997dde8,07f4c921-0698-4b12-8d32-5ea18c55c1e2,maintenance,4734
23e84db0-c527-46d9-acfc-0e21e0ca017a,f8a8299d-2a13-4f7f-a6f3-4183c23ebd6d,repair,225
23e84db0-c527-46d9-acfc-0e21e0ca017a,3a82959b-6f9e-4954-b16c-ca5a25635377,cleaning,241
23e84db0-c527-46d9-acfc-0e21e0ca017a,dbb86abd-ded7-47c2-8cee-8bbc7834d475,painting,1139
841d1d17-6d82-4d61-be51-2f19d842550f,84aa6105-d823-47a7-b7c4-524caa0a6685,install,312
841d1d17-6d82-4d61-be51-2f19d842550f,a95f5d4d-cf0a-4543-9d59-169816152a47,cleaning,533
841d1d17-6d82-4d61-be51-2f19d842550f,5564bbba-0cfe-42a7-b4b2-ba7d7132232f,install,970
3348c629-b755-4e25-ae7c-c3afe7941594,0c51440d-78af-4c5c-a1ab-68175da96c10,painting,1228
3348c629-b755-4e25-ae7c-c3afe7941594,6cba5ef1-205d-42c5-8142-e58f53d4b54f,cleaning,3010
e4b2986c-e184-41ef-a78e-26aa6da33b3a,ef3b5164-44eb-443b-8e1f-840f681d30d5,other,1466
e4b2986c-e184-41ef-a78e-26aa6da33b3a,4fefa76d-301a-4d36-ae3f-fa05603bc2fc,other,2066
8ba4ca8f-6da1-4863-8153-de7cf791d72f,dabf3f6b-a466-481c-93be-ca8051241655,construction,391
8ba4ca8f-6da1-4863-8153-de7cf791d72f,86ecde1c-979a-4a10-9e5e-c7fe3b266fad,install,1661
b06b117a-307f-4d82-8db7-6b5be7f9eba9,22df0340-17e1-4121-82ec-f55bae265b04,cleaning,47
b06b117a-307f-4d82-8db7-6b5be7f9eba9,103c868d-77d6-41f3-8edb-f59d8224f732,painting,100
b06b117a-307f-4d82-8db7-6b5be7f9eba9,3b181655-183a-46d7-bace-c898ef895b5f,construction,7
b06b117a-307f-4d82-8db7-6b5be7f9eba9,9c986d8e-3623-4d1a-be3c-318eaf400835,install,11
b06b117a-307f-4d82-8db7-6b5be7f9eba9,8354847f-c289-467a-84a8-018a0ad83e02,maintenance,374
69a69796-1379-4b9e-ad63-71c6f3c8de39,3ce9f1b7-dbf6-4464-adaf-09c08ec328b5,cleaning,183
69a69796-1379-4b9e-ad63-71c6f3c8de39,4d0df884-e2be-46d1-9613-d642a107a361,install,1063
fae11d2f-f6ad-4841-af72-dda4fb205559,03030108-8311-431c-ad31-af1c61563848,install,1577
fae11d2f-f6ad-4841-af72-dda4fb205559,e3846bc5-05e3-471e-a150-76fed08fd1de,cleaning,458
fae11d2f-f6ad-4841-af72-dda4fb205559,f3b3d2c5-9f20-4f3a-8c6f-c9f6bafe3abd,repair,1955
fae11d2f-f6ad-4841-af72-dda4fb205559,1187b3d1-8de7-443e-86dc-b74320e5566d,cleaning,3990
9591af1c-179f-4466-9023-9c0aaea3a359,12b177de-b3e9-4f5b-b38a-17da831d47ae,cleaning,404
9591af1c-179f-4466-9023-9c0aaea3a359,4249c985-2042-4478-9369-c5598dc4cd75,construction,1864
b7b5f7d0-5043-4b0f-bea0-0cdaafae0737,f1f66b4a-6da9-463d-8d26-a18ab1210c43,repair,1337
b7b5f7d0-5043-4b0f-bea0-0cdaafae0737,59eedc80-e413-4e7f-a60d-81e5fb5fa070,construction,443
b7b5f7d0-5043-4b0f-bea0-0cdaafae0737,86d67417-1971-4864-9f84-dd9406cb0c7a,other,226
b7b5f7d0-5043-4b0f-bea0-0cdaafae0737,b85c12f8-ec65-4193-9e53-b6e2f9395468,cleaning,1614
b7b5f7d0-5043-4b0f-bea0-0cdaafae0737,3839d071-1805-4645-956c-65fd0528e752,painting,3545
dc3f6f44-d25b-4d81-8f19-1f1075dc49b7,f433b261-787b-443a-873e-2793fd3dd27b,construction,77
dc3f6f44-d25b-4d81-8f19-1f1075dc49b7,a9cd6f97-5376-4935-b948-463a3a924918,repair,243
262e272e-826e-4a81-bf33-a4630982ae01,6a9189f6-4145-4550-a943-e481060299e0,maintenance,507
262e272e-826e-4a81-bf33-a4630982ae01,e2f7782b-5102-480e-85bd-ba1880605870,construction,1746
dde3e0fc-8f2b-426c-856b-fb7667aaf526,923e6082-41e6-476e-ade9-87fc65416a70,other,7130
4bb4cbc3-f83c-4459-8f8c-71ddfd35e7d2,177d9b26-6c0a-4a9f-80a7-302def048bcb,painting,5549
9fc1cbcd-e834-44f4-bdeb-f5ef88f4480a,ccd8fd76-2f74-4870-b823-5a2f211c2924,repair,1883
9fc1cbcd-e834-44f4-bdeb-f5ef88f4480a,ddd4a48c-7533-4e3e-938e-2dcd03e34a12,construction,3093
9fc1cbcd-e834-44f4-bdeb-f5ef88f4480a,30f94c43-3fd7-41c3-b1d3-91c5068033a2,painting,4248
7924d437-7882-4145-8f0e-67047126242c,e77e30af-12f2-40c1-8017-e566f3dad3d3,cleaning,34
7924d437-7882-4145-8f0e-67047126242c,5fbf364b-51c0-4c77-ac9d-3a9efe82c021,cleaning,1137
7924d437-7882-4145-8f0e-67047126242c,b26f8db2-3749-4dce-99ae-cf9d2fff3432,construction,51
7924d437-7882-4145-8f0e-67047126242c,a227cb22-c03a-4bcf-a3c1-5dbedd4ce415,painting,2245
72279675-d337-4e5a-8e08-bfc9e9e9315c,ca51c07b-0f5e-4033-a772-63b552fd675a,other,1212
72279675-d337-4e5a-8e08-bfc9e9e9315c,d44cd7b7-63aa-4a77-8dcd-4024fb926237,repair,221
72279675-d337-4e5a-8e08-bfc9e9e9315c,2210422b-a7c4-4c64-8416-e9e516c46a1b,maintenance,1727
72279675-d337-4e5a-8e08-bfc9e9e9315c,d0d396c5-c9d9-436f-a3d0-06ee3157eb79,painting,2098
72279675-d337-4e5a-8e08-bfc9e9e9315c,958e2611-4859-4b3a-93dd-b06e5fdb10b4,maintenance,2254
5cf53e01-bf8c-49f1-a3c4-582b0d2d8f41,14d55e58-c55f-4d82-9de8-11ac8f0c90ba,maintenance,8907
a90b50cb-8dfe-451e-a058-25af815971f8,55d3575f-41d2-4fa7-b5d8-f999fd3559a6,repair,8640
2512c142-17ae-45a3-a820-187f9c9439ba,d8e59c47-7e1f-485e-9e5c-c832a2cdee7e,construction,33
2512c142-17ae-45a3-a820-187f9c9439ba,2356506c-7604-48d7-90f9-16b3ca69bf05,other,2410
2512c142-17ae-45a3-a820-187f9c9439ba,8187c304-69a8-4f2e-9dc5-9e4ab5f4f6ed,construction,3119
07f7e66d-5717-47f0-9fc8-8910e51bd13c,158897ee-c69a-403b-b9d1-72a79587a0d1,repair,615
07f7e66d-5717-47f0-9fc8-8910e51bd13c,253a2771-1c5b-4efa-b6a0-183cfdfd9d77,construction,874
2e31d278-c8d6-41e7-ad08-ef10bede3822,73cc4b0c-689b-452d-a121-49e8980f8fed,construction,288
2e31d278-c8d6-41e7-ad08-ef10bede3822,6bfde735-0fe7-4696-84d2-0c1ef7700241,painting,881
2e31d278-c8d6-41e7-ad08-ef10bede3822,ff7aa99f-ac0a-48c8-9482-df6f73b7db8f,install,8014
a8b4d4d9-17ab-49cf-bf69-634e176b2211,dc4d8653-016b-448d-ab93-a6e8502fa2ff,cleaning,32
a8b4d4d9-17ab-49cf-bf69-634e176b2211,73a5b131-aa5c-4713-a637-8b052ac5eb61,cleaning,1380
a8b4d4d9-17ab-49cf-bf69-634e176b2211,f85f80ec-5c48-41cf-b3ce-e35b1bd5df59,cleaning,2484
a8b4d4d9-17ab-49cf-bf69-634e176b2211,1040d299-73cb-4005-bcd7-dd310a13b16e,install,3779
e4102115-07c7-4457-b8df-3224490f2686,64f3f7d9-b988-49c3-95d9-640aead9cb98,install,3254
ce00379a-7416-49bf-87c4-cb0ad27756b4,ad8178da-5b22-43ba-9833-0c28cd28c301,other,3298
4b9569ff-4a1b-44c1-a380-a442b5f95e95,97fdaa24-147d-4835-bd36-7861df804c3a,repair,666
4b9569ff-4a1b-44c1-a380-a442b5f95e95,d6c76d1f-7deb-4da6-b013-7a06efc1dacd,repair,550
4b9569ff-4a1b-44c1-a380-a442b5f95e95,b0b1c733-86e0-42c2-bf09-9066e69708bb,maintenance,743
4b9569ff-4a1b-44c1-a380-a442b5f95e95,0e476063-40ac-4194-b51c-ae0a1b036073,construction,1482
4b9569ff-4a1b-44c1-a380-a442b5f95e95,5824a4b9-5b0d-424e-8742-dc6a71ed07cd,maintenance,1673
04605199-5a7a-4e07-b8a3-3d5649a6bd6d,08279d7b-7c35-40f7-a117-f5ba8e6b883e,construction,1725
04605199-5a7a-4e07-b8a3-3d5649a6bd6d,a0c01430-f635-43f4-8597-229d6e5683ed,painting,170
04605199-5a7a-4e07-b8a3-3d5649a6bd6d,d67bf18d-24a9-4bb4-b359-c0f795e8ac1a,install,1864
04605199-5a7a-4e07-b8a3-3d5649a6bd6d,55624463-cbdd-4868-99f2-1adf7844b4fa,install,3610
f421fdb1-da6d-4321-9ec4-7948a5171825,533c6f86-f589-4af7-a16c-9e9e06cd643a,install,815
f421fdb1-da6d-4321-9ec4-7948a5171825,38eee795-9439-4ba0-98e5-9c0ef6951d6f,painting,1066
f421fdb1-da6d-4321-9ec4-7948a5171825,9fa5ef93-42ac-4862-8d6e-cce65333380a,install,444
f421fdb1-da6d-4321-9ec4-7948a5171825,1d7a516e-da85-4b64-bcb9-e7456248bcd2,cleaning,3081
f421fdb1-da6d-4321-9ec4-7948a5171825,e030a4ed-9999-479f-acba-b86c18babdd4,maintenance,4160
f4717419-68be-4d50-8267-c986e6a6b851,b2c01aeb-bef7-4177-8060-bea479eb3e06,construction,698
f4717419-68be-4d50-8267-c986e6a6b851,6f00d3a9-4f99-4620-9032-0a837db17ca0,other,721
f4717419-68be-4d50-8267-c986e6a6b851,4884f643-ef98-4311-adaf-33f02f11f428,construction,190
f4717419-68be-4d50-8267-c986e6a6b851,4e762f9e-5994-457a-a351-c07c43c58da9,maintenance,2942
86369c40-ba99-499d-9f30-e6a12b2190e2,eda0d477-e5b1-4f36-b925-6f73e689bf86,cleaning,598
86369c40-ba99-499d-9f30-e6a12b2190e2,0df2154d-5dbb-4512-aea6-1bf3dc4494b6,maintenance,36
86369c40-ba99-499d-9f30-e6a12b2190e2,628076c8-f000-4e53-a853-89a3028a9b20,repair,3605
d239783c-7d3c-41ab-ac44-48f73c4c7642,b5565ce1-e6e4-409e-8cbe-d99ec2c5a090,install,1282
d239783c-7d3c-41ab-ac44-48f73c4c7642,554ccc51-1727-4913-ac77-d33b4974d0ff,other,8694
a954bb1a-f9d1-421b-9ae6-ff0dc2fa2d82,94356c8d-a06c-4cb0-b296-d06c7a6d3888,other,2062
a954bb1a-f9d1-421b-9ae6-ff0dc2fa2d82,f162fae0-8328-4a28-ae94-686b58005fbb,painting,165
a954bb1a-f9d1-421b-9ae6-ff0dc2fa2d82,a660efb4-e6d5-445d-b28e-673fe6453dcd,repair,4714
b54e9d24-0c9b-433b-9fc4-d97151783aab,0bb8b3d6-4e55-4661-8bc0-f5c322d5d6ac,painting,2790
55aa49ab-552b-48f3-be4f-6aa43e3e5a82,12a105a7-e101-4afa-b19b-87fdd40a1a18,maintenance,7123
538061f9-1f61-47af-8dc4-9b4b8ec66781,4c4393d2-2571-4c83-91df-ab84ed6ed004,other,522
538061f9-1f61-47af-8dc4-9b4b8ec66781,df7b0810-eb87-4809-bbb2-f7e0804b4945,maintenance,2358
538061f9-1f61-47af-8dc4-9b4b8ec66781,09cfb042-f67c-4d28-8856-d9fad1f83da3,repair,672
538061f9-1f61-47af-8dc4-9b4b8ec66781,e9100d9b-7317-415d-9e23-c4fc09449347,repair,4526
eeaa04bb-78c8-4ab9-b42a-2165fb744570,f37973ab-3b45-4cd5-964d-fb5f02465b29,other,1821
eeaa04bb-78c8-4ab9-b42a-2165fb744570,850971cb-d3af-4e4c-9ed3-3df7cb7a3fc0,maintenance,1587
eeaa04bb-78c8-4ab9-b42a-2165fb744570,bec296fa-6dc8-4166-bdf3-f38aa9f5944e,painting,1212
eeaa04bb-78c8-4ab9-b42a-2165fb744570,70e9bbe7-3908-4f22-8676-509dc44c1a07,other,994
eeaa04bb-78c8-4ab9-b42a-2165fb744570,70d13ecf-46ac-4d2c-ba66-7ed3eeede7de,maintenance,4324
1630d69a-5a4d-4718-9d85-d9a72a6bd320,72417934-9a25-4321-8e26-bc7cf132cdcf,painting,1786
1630d69a-5a4d-4718-9d85-d9a72a6bd320,34b67151-e61d-4b33-a0e0-e21a8bd9413b,painting,2980
481e2f87-d9fd-4930-a6fb-c727cbeccbbf,1efecdf1-44d6-4f5b-8d91-5e7d65bdcab5,painting,1291
481e2f87-d9fd-4930-a6fb-c727cbeccbbf,3c044627-2249-4c6d-8c93-43cfdfcc2292,install,1556
481e2f87-d9fd-4930-a6fb-c727cbeccbbf,09856671-fc08-4c6d-98f9-a73e13dd5f0a,construction,2276
a9d34bb3-8dcf-44da-9062-cc94c2e00ad9,327b4f03-bcfd-465e-92f1-217bcce72dda,construction,443
a9d34bb3-8dcf-44da-9062-cc94c2e00ad9,14ae734a-8225-4f7c-ac74-bf87b4a0e760,construction,432
a9d34bb3-8dcf-44da-9062-cc94c2e00ad9,6d184863-da59-4422-9e69-2b4eb2785104,painting,567
a9d34bb3-8dcf-44da-9062-cc94c2e00ad9,002b12fb-6553-4174-9418-4649c7d1a00f,cleaning,908
a9d34bb3-8dcf-44da-9062-cc94c2e00ad9,cb07f06d-ecb2-436a-9567-5056e2d2bf8f,install,1357
75649693-9d32-4280-8131-0442e71a962c,dedc2ad2-9c02-436f-b5b4-976175a895b1,repair,717
75649693-9d32-4280-8131-0442e71a962c,497787ac-5ecd-4eef-8920-2e6f04087086,other,206
75649693-9d32-4280-8131-0442e71a962c,c01ecd84-8420-4e59-841c-2fa4c7137bc3,cleaning,970
75649693-9d32-4280-8131-0442e71a962c,5a0dabc7-6c5d-4121-9843-778c5aa0f7a7,painting,1232
933cebd9-92e5-4a7d-a136-2b0c64d67b2a,f131cdc0-1fb2-4834-8641-fbd81b3971d7,other,1297
933cebd9-92e5-4a7d-a136-2b0c64d67b2a,9b1ebc82-d13d-41e6-ac05-8e1ca2d31393,other,1682
7ea5f622-eb3c-4e51-9389-6f639345105c,1377291e-bd36-452f-93b9-b03b85123fae,other,3956
8de84bb1-115b-4dc7-8981-258739646e14,48fe5112-345e-4462-9ee2-63aeacc9ce15,construction,204
8de84bb1-115b-4dc7-8981-258739646e14,efaf3488-2a76-4a23-a17a-2193eb021a56,other,1671
8de84bb1-115b-4dc7-8981-258739646e14,0cfb7d8e-0402-4332-83a1-283077b17209,construction,300
8de84bb1-115b-4dc7-8981-258739646e14,ae3de412-36fb-4d12-a3c5-ead3229610c3,painting,1192
8de84bb1-115b-4dc7-8981-258739646e14,ccfd96ec-4027-4a36-9107-7027079d5bbb,cleaning,4535
ef150ff4-4acc-4e78-b7aa-9c0b9477ea0b,79e6d52f-a12f-43a1-b8a9-edc67b1ba6bd,other,1066
6ee480ba-5125-472c-94b8-7e38c792fd9a,cd3324e2-becd-4aed-9b48-e68f00bb0e3f,cleaning,4321
dbc0d45b-a6e9-453a-8c20-584cd7d66e01,9da2c435-33a3-479d-94f9-62177c43b4f1,install,904
dbc0d45b-a6e9-453a-8c20-584cd7d66e01,be641220-538f-4d91-a12c-246c7c9ce454,repair,4888
e26e8fa3-5f80-46c9-a68a-a51c50dbcf99,7dcbf2de-d311-4a09-8f18-f70c45b86d2a,repair,371
e26e8fa3-5f80-46c9-a68a-a51c50dbcf99,084fa5e6-732d-47ef-888b-5567feb22c2f,painting,1029
e26e8fa3-5f80-46c9-a68a-a51c50dbcf99,a9459d04-7d89-480f-95d9-ce55c2cd1206,cleaning,5997
c98f9a6e-37cb-4865-981d-a7d767f3d7b4,6e91a5b5-960b-4a05-b0c2-90f8dc6b4676,other,711
c98f9a6e-37cb-4865-981d-a7d767f3d7b4,d7769cd4-dc5b-47a5-b9dc-1fa0eae63060,painting,1238
c98f9a6e-37cb-4865-981d-a7d767f3d7b4,fab3ae8b-c9d1-48bf-9423-ab16f8d8b362,cleaning,756
c98f9a6e-37cb-4865-981d-a7d767f3d7b4,4a70750c-7d30-458b-9376-78cbcb6d6116,maintenance,3156
21e8a354-9ccc-434e-af1f-12c2b5e6919c,3c70df9b-dd56-45e0-b3cc-d8d209e8bd73,install,1359
21e8a354-9ccc-434e-af1f-12c2b5e6919c,b17b2c04-c977-4007-a607-2dc7e76d6137,maintenance,2011
6f443923-e1cf-4034-9d64-fb190dbc2bb7,d5f745b3-6646-4092-b6f2-67a3f13094e6,cleaning,201
6f443923-e1cf-4034-9d64-fb190dbc2bb7,28020710-db3a-40a6-b5dd-cef56d4a583e,repair,293
6f443923-e1cf-4034-9d64-fb190dbc2bb7,98d4e4e6-3073-415e-ae05-43ffa3a470e9,repair,18
6f443923-e1cf-4034-9d64-fb190dbc2bb7,d6a5d3ce-5ee3-4be8-9c85-9e51c261d12a,construction,576
188da21d-f97f-4774-9f3d-0fd3ab8715cc,37e33af5-a2e5-47d3-8ce9-4110e5732e84,maintenance,770
188da21d-f97f-4774-9f3d-0fd3ab8715cc,855a3494-e1ec-4bbd-8c81-a28a17b72129,install,343
188da21d-f97f-4774-9f3d-0fd3ab8715cc,bd6fd060-707d-4ae8-afcf-740f052a4a70,repair,2029
ba578249-f925-4841-a104-839d8f87d0fa,d2526552-71df-4230-b363-d48eed6b2e32,cleaning,1671
ba578249-f925-4841-a104-839d8f87d0fa,a78b071c-46be-4bca-b43c-34d2723c6799,cleaning,7120
c64efb43-a577-48b9-bfa9-483eef8f4b04,29998285-cd3d-48b4-8c44-277f6575d216,repair,455
c64efb43-a577-48b9-bfa9-483eef8f4b04,2f7f531d-13d5-4baa-b7ca-d0cdd08a4960,cleaning,501
c64efb43-a577-48b9-bfa9-483eef8f4b04,a3321d21-f551-407c-8bd6-e04fcf07eb5f,install,564
c64efb43-a577-48b9-bfa9-483eef8f4b04,7b646db8-1b0e-49ac-b029-97868925e592,cleaning,692
c64efb43-a577-48b9-bfa9-483eef8f4b04,82e52eae-d4be-437c-8958-674ab4aa904c,repair,1027
1e770ce4-c7b6-45b8-b560-1d9733ba56c6,0e9e361c-54d9-4722-91ab-9bd38acaf13d,maintenance,188
1e770ce4-c7b6-45b8-b560-1d9733ba56c6,d11e0e26-e4a1-46ea-a94e-aeea959f2e54,other,46
1e770ce4-c7b6-45b8-b560-1d9733ba56c6,66524d64-6fde-4d92-a6f0-f1dff0d64b38,repair,353
64ea4fc7-6af1-4854-9b23-12771f96d2e9,53df5355-9494-43e3-bd67-a5143b4a9229,repair,323
64ea4fc7-6af1-4854-9b23-12771f96d2e9,fe02e3c8-7016-4cc2-95f0-8937efbd2337,repair,555
64ea4fc7-6af1-4854-9b23-12771f96d2e9,feead2ab-b16f-41b6-9e6d-829420f5dea0,cleaning,782
fc5a46a0-a27f-4206-b038-eb67b6f5419d,ccd38f96-41a9-4ad2-856d-bdff5a3eec64,maintenance,189
fc5a46a0-a27f-4206-b038-eb67b6f5419d,5af0d961-df23-4822-9c14-997643361a8a,install,106
fc5a46a0-a27f-4206-b038-eb67b6f5419d,475eb693-d155-4ae8-b0c2-1a423fffe466,cleaning,58
fc5a46a0-a27f-4206-b038-eb67b6f5419d,df605625-7144-470d-8d4a-452d9342dc4e,install,430
fc5a46a0-a27f-4206-b038-eb67b6f5419d,9740106a-1472-4262-8dd6-4b7657a05835,maintenance,594
b98d13b4-10d7-4a01-ac14-f26d2b582a11,11ee54bf-ae63-4b3c-88c7-6566a9327e70,construction,2876
d8f84fe5-b16a-466b-8634-4455ae9497d9,1e32ee72-2251-47d6-ac89-bc657df012f3,install,72
d8f84fe5-b16a-466b-8634-4455ae9497d9,1207f146-e6fd-4506-9d1f-75d25eeb0be3,construction,384
d8f84fe5-b16a-466b-8634-4455ae9497d9,98e89b0a-b6e1-41f4-bdba-5b00da1eb5e5,repair,244
d8f84fe5-b16a-466b-8634-4455ae9497d9,06fc8c78-e5aa-484d-a9a7-8706d323a8f6,maintenance,366
d8f84fe5-b16a-466b-8634-4455ae9497d9,33c261b0-c45f-4c0b-b7f6-88177a2e2daa,painting,589
17636e04-8bb6-44d5-a266-e21082ad532d,78ef4602-5eb0-4dc5-a3a7-becf83ac4c71,install,4840
5529a5a8-3f27-4086-b0bb-d06b99e966ea,41a5b778-08df-48b2-a464-d0d9c29faea7,maintenance,900
5529a5a8-3f27-4086-b0bb-d06b99e966ea,10c0102f-064a-4154-b1fc-f5663ba4e085,install,830
5529a5a8-3f27-4086-b0bb-d06b99e966ea,8206dec3-540a-4fd0-b519-14c02b865451,cleaning,590
5529a5a8-3f27-4086-b0bb-d06b99e966ea,a27240d5-57d8-4b38-8c7b-bf43e77342d6,painting,1538
b02f59cd-64c6-47fe-a5cb-5b8f224ae63b,f3ad19f9-4d2a-4cb0-a9bf-22793877465c,painting,239
b02f59cd-64c6-47fe-a5cb-5b8f224ae63b,4bc4badb-7a91-41bc-8789-8b636efbc7d4,other,692
b02f59cd-64c6-47fe-a5cb-5b8f224ae63b,5a14755c-eb18-4894-9441-ec3f3ef17c2c,other,1389
0926e5ff-5080-4a21-8098-6bf7e382f0f4,0e4ab590-0c52-4b19-b2cc-28ca7914be20,install,968
0926e5ff-5080-4a21-8098-6bf7e382f0f4,d629976d-28d0-4d56-84e6-39056bc3d0c6,other,251
0926e5ff-5080-4a21-8098-6bf7e382f0f4,f1aec4ba-041f-462b-a34c-743bedd98707,repair,375
0926e5ff-5080-4a21-8098-6bf7e382f0f4,a1486331-cebd-4e31-bdba-a3b5cf4f0de3,maintenance,2560
38e33cec-a069-4da3-bd76-844c8819474e,c62643ba-fa38-475e-af19-d774622dbb48,repair,434
38e33cec-a069-4da3-bd76-844c8819474e,4a7271dd-b88f-4327-bf11-397a8e85b793,construction,600
38e33cec-a069-4da3-bd76-844c8819474e,f9b0a776-9ed3-44f9-b075-62f461ff96d6,other,1612
38e33cec-a069-4da3-bd76-844c8819474e,1ae0a371-c787-43c2-85d2-1e2512e92f61,painting,1565
38e33cec-a069-4da3-bd76-844c8819474e,b172a7a9-d929-4d3a-b3e4-b9e67e293782,repair,3134
bb8bce93-300e-44aa-b217-dfe5e26d8829,d27408ca-e239-4205-9ae9-3f901bb4add2,maintenance,68
bb8bce93-300e-44aa-b217-dfe5e26d8829,5df05a06-80ab-406b-ab10-ff53d18b9198,repair,4662
835d1509-7fc3-40ee-8166-fe24bff2379a,d063de07-1124-44aa-bb3d-2d7051b3970b,install,64
835d1509-7fc3-40ee-8166-fe24bff2379a,ca52cfa9-0384-4cbc-ac04-f596e43608d4,other,283
835d1509-7fc3-40ee-8166-fe24bff2379a,15de5c9a-b0b5-4b78-b234-9644494fd227,construction,383
835d1509-7fc3-40ee-8166-fe24bff2379a,f522df40-1775-4759-b3a3-8f9926d7e7a6,other,694
835d1509-7fc3-40ee-8166-fe24bff2379a,abdc8791-8cf2-4bf3-a5a5-7341988a3aae,other,748
1bdaf542-bb42-4b34-b48b-01f19723f973,e634c2cc-24f0-4429-9037-852d421467c1,repair,247
1bdaf542-bb42-4b34-b48b-01f19723f973,555f1484-0105-4f25-a98b-79d6fbda8f1f,painting,374
1bdaf542-bb42-4b34-b48b-01f19723f973,b7a74587-25f9-45a1-960d-bcbc1c5b4f83,install,648
075c7902-8b3a-4fc7-9783-4895c8bc72bd,cd6e1eca-d649-4047-80b6-4b2b59c80b27,cleaning,74
075c7902-8b3a-4fc7-9783-4895c8bc72bd,cff75be9-3998-4371-b38d-d9a44857b92c,repair,511
075c7902-8b3a-4fc7-9783-4895c8bc72bd,9515b1e9-31f2-4ec7-b311-116e62ce8e0c,construction,71
075c7902-8b3a-4fc7-9783-4895c8bc72bd,842631ec-b52e-4b28-98e2-460b87481e76,painting,4024
63bcc5ef-9f6c-426b-817d-f4b73881e5f1,aba6de8c-f37b-4b62-887c-866aaf56f810,other,1263
63bcc5ef-9f6c-426b-817d-f4b73881e5f1,87f61385-04dc-49a6-bee4-15c50218c3b7,other,2557
63bcc5ef-9f6c-426b-817d-f4b73881e5f1,9d1e7ea1-cb1a-49ba-b73d-067b7175c69b,construction,5820
51043c40-5a92-43e5-8a7a-4f399d0c9c33,19f55ce6-a190-45a5-87d3-9e9a9a4a4fca,cleaning,477
51043c40-5a92-43e5-8a7a-4f399d0c9c33,df37ed62-decb-41eb-9689-a2f020ed4cd3,other,461
51043c40-5a92-43e5-8a7a-4f399d0c9c33,c01cc851-cdd3-4aab-bd11-7814019ec3b7,construction,1031
51043c40-5a92-43e5-8a7a-4f399d0c9c33,796f3b99-557b-45ff-9381-b956133c0294,install,1442
736c0baa-4f3d-424e-80bf-3dd2ab1e3d52,9baf7c2a-dcb5-4594-a02c-b6e3646690e4,repair,5299
9f978d87-d3a4-4a58-b3a5-f891afb7adfa,fac994d5-7997-4a91-8ced-e32eea6a475f,repair,411
9f978d87-d3a4-4a58-b3a5-f891afb7adfa,dd2c9eef-60e5-46e2-bbd7-c2895e49da28,maintenance,373
9f978d87-d3a4-4a58-b3a5-f891afb7adfa,291da14a-e84e-4cd0-82fe-41c2f48c865f,construction,592
9f978d87-d3a4-4a58-b3a5-f891afb7adfa,9a46ff18-6283-4c0a-9aa2-8535c945aa33,repair,79
9f978d87-d3a4-4a58-b3a5-f891afb7adfa,2cf2dc92-69ea-40db-a29a-983ad3943cd6,install,2794
fdbf6b96-b4db-422b-9ff6-8b2d02ff6a33,ca0272a9-4e0c-43d0-be10-95d4401a3a76,painting,7763
6a1b8c76-f07f-42c7-8ebd-5b396bb2f80f,e1f0f43b-442f-4fc2-80c1-9dbcddc77188,repair,624
6a1b8c76-f07f-42c7-8ebd-5b396bb2f80f,b0840a35-21b3-4a83-91a5-14af0e232cbf,install,841
6a1b8c76-f07f-42c7-8ebd-5b396bb2f80f,0e5cc8f9-37d2-43a6-8fab-fd68c993ea41,repair,217
6a1b8c76-f07f-42c7-8ebd-5b396bb2f80f,04965978-8287-4306-bfd2-fe556da853c7,cleaning,2280
6a1b8c76-f07f-42c7-8ebd-5b396bb2f80f,834fdedb-e32a-403d-8c57-f32aa0991961,painting,4642
ec0a03d7-4c01-4eb6-8ed5-c88d5b64f3a9,a9afc6f5-2e4a-4492-8568-6813679bf9c9,install,653
ec0a03d7-4c01-4eb6-8ed5-c88d5b64f3a9,fd5f92dc-b67e-47a9-ba7d-165110a709c1,cleaning,590
ec0a03d7-4c01-4eb6-8ed5-c88d5b64f3a9,ef6f4352-9626-46b7-a15d-660b5731e49d,install,48
ec0a03d7-4c01-4eb6-8ed5-c88d5b64f3a9,2d7d3923-dc59-4d71-ba0e-e0f8ce6c6816,repair,549
ec0a03d7-4c01-4eb6-8ed5-c88d5b64f3a9,89d6c3a2-5ed9-439b-9563-a3fe70956f48,install,4757
111a5d11-c60e-414e-8214-cf9f020d5cc8,3e6d63e6-522d-453b-b666-531c2ebb3052,other,165
111a5d11-c60e-414e-8214-cf9f020d5cc8,fbf7ead1-a530-4216-9e6f-bd1c90128977,install,461
1f76253b-6077-47c2-9576-1eabece77c3c,ca220e0b-b44e-48ca-8461-74a449a8a02b,other,857
1f76253b-6077-47c2-9576-1eabece77c3c,95644aad-c29c-4721-bace-0d127e75071b,maintenance,931
1f76253b-6077-47c2-9576-1eabece77c3c,7addc892-a211-4da0-a2cf-530898741cd6,maintenance,822
1f76253b-6077-47c2-9576-1eabece77c3c,ccdfffbf-2058-4e67-85ab-1177b5faf139,install,1347
1f76253b-6077-47c2-9576-1eabece77c3c,4081364b-f1f4-4058-9770-64ef3f1ceb66,install,1394
5211efc4-ed7b-4a44-9334-d21d799798d8,e88ee78f-285f-4181-901e-bdbf92b10a34,painting,694
5211efc4-ed7b-4a44-9334-d21d799798d8,1215ee54-6025-4e29-891c-09746347fe81,maintenance,549
5211efc4-ed7b-4a44-9334-d21d799798d8,cfb90c59-c48a-4cb2-b7b5-3d6c77e5bad9,maintenance,3543
5a6b002c-af49-4a8d-ac22-14c08edfe2db,64d7bf7d-0165-4e11-8b98-826096013698,painting,56
5a6b002c-af49-4a8d-ac22-14c08edfe2db,053440ee-1940-43fa-a3de-3a4391207e50,maintenance,145
5a6b002c-af49-4a8d-ac22-14c08edfe2db,49a97213-4ccf-4d51-9c07-cbcd4be3784f,painting,946
5a6b002c-af49-4a8d-ac22-14c08edfe2db,296641f1-8aac-4a63-8b20-be41d06f9ebe,painting,1658
26612ffd-1b4c-42ba-b9f7-e678396178f3,5ed4e286-1d63-4c80-bc6d-806e947cbfa4,install,2257
26612ffd-1b4c-42ba-b9f7-e678396178f3,db6fde4d-0f14-4df0-a89c-4c9f2918ceae,install,261
26612ffd-1b4c-42ba-b9f7-e678396178f3,380b9190-75a1-4a70-9bdf-67360cd3f9e2,painting,3548
26612ffd-1b4c-42ba-b9f7-e678396178f3,51e57ec8-0423-4dd1-9cb7-988aba227a0c,construction,3628
0caadf62-526c-4863-9f8d-ad38dc9fe537,be6409b5-a792-4733-ae2c-1c486c137e98,construction,1070
0caadf62-526c-4863-9f8d-ad38dc9fe537,d7776606-ec1b-44e2-8b87-98dd5d2b72c0,cleaning,332
0caadf62-526c-4863-9f8d-ad38dc9fe537,d070611b-7ff6-4db6-91da-6acd9081a719,construction,508
0caadf62-526c-4863-9f8d-ad38dc9fe537,fbda6942-8dc5-486e-8a05-514245598b2e,repair,811
0caadf62-526c-4863-9f8d-ad38dc9fe537,6926293f-117a-4ceb-ade6-827264dd7077,cleaning,4142
5709c1c2-b8cc-44db-8892-0b3a6458b791,f067b72d-a674-4260-a8ea-c8ec323856e3,install,1520
5709c1c2-b8cc-44db-8892-0b3a6458b791,7145b281-311c-4c08-aefb-b318a6b40efe,install,2453
5709c1c2-b8cc-44db-8892-0b3a6458b791,9d1e4568-a87e-4fac-bc3c-a7db4e38ae23,painting,5112
c1aa0b3d-c9dc-4ea2-96b0-392f035e171b,d2c00792-e96d-4d14-8bce-8907643b98c3,install,916
c1aa0b3d-c9dc-4ea2-96b0-392f035e171b,7c1b2cfc-e485-4871-9ccc-530d21b0886d,other,1202
a00c78cc-0f79-472a-89eb-64173cb82be5,cc3e6b13-9040-41dc-8903-451944c9c319,construction,817
a00c78cc-0f79-472a-89eb-64173cb82be5,93f4d1c9-5035-4158-b761-d710df06860c,painting,2964
a00c78cc-0f79-472a-89eb-64173cb82be5,ae9579c2-88d3-4b1d-9e3f-24e78dee2c0f,repair,4354
4bebb1ea-678a-44ea-88c9-ed7c17736f8a,d17ccd80-8dd2-46f8-a368-7b54e5bfaceb,painting,2215
4bebb1ea-678a-44ea-88c9-ed7c17736f8a,abab4a3e-cdcf-4525-8f2b-a8dc46d2888f,repair,1929
4bebb1ea-678a-44ea-88c9-ed7c17736f8a,45469940-6007-4e11-81e0-c2e1d1560ecd,cleaning,3715
fa607522-5ba8-4eab-8914-b1957917deac,cf0c6cf2-6c5f-4fcb-805e-66f0f3e5de84,painting,1188
fa607522-5ba8-4eab-8914-b1957917deac,e650fc24-8a0a-486a-9ac1-75749e1ce31b,maintenance,963
fa607522-5ba8-4eab-8914-b1957917deac,a34462f7-65ac-4275-aee0-268f41acd3a7,repair,4501
03651ccb-1f6c-45ad-9d5f-fc1a797c27bd,56701d97-db36-4b36-83b1-d4af1fb24a79,construction,4305
6b0dbf0c-4688-4070-a692-5785edc778e7,de8251c5-b95d-4b9f-a023-c6cc7bc16e5b,painting,7
6b0dbf0c-4688-4070-a692-5785edc778e7,6817e372-cce1-433b-b85c-f58c0b236ae1,other,320
6b0dbf0c-4688-4070-a692-5785edc778e7,d8053f52-b95d-4c50-ab25-a033d8f2844c,construction,410
6b0dbf0c-4688-4070-a692-5785edc778e7,bfa5be7b-8c98-4d2d-bc5e-bdee48f9b2ac,painting,1166
c3f9ef84-74b0-4154-880e-4851f8c8f3c0,e5c01e73-0c31-4936-ab34-542d63273b3b,construction,92
c3f9ef84-74b0-4154-880e-4851f8c8f3c0,f5908607-e40a-4903-976e-193e20f31c55,repair,63
c3f9ef84-74b0-4154-880e-4851f8c8f3c0,bf4b8bc0-be4a-4ee5-b219-01199d60d857,install,139
c3f9ef84-74b0-4154-880e-4851f8c8f3c0,24dc51fe-660d-43b8-a0f0-0fa064979463,other,162
c3f9ef84-74b0-4154-880e-4851f8c8f3c0,439f7cf5-ffc8-4a40-9ba0-2bf6c4270970,cleaning,706
a2700645-23fb-4f70-a00c-9091f7aac9cc,6dc6edbc-73c9-4c95-98e9-c40588da2a55,cleaning,1676
a2700645-23fb-4f70-a00c-9091f7aac9cc,92b72a86-19ad-467c-881e-6c7471d337a5,construction,1078
a2700645-23fb-4f70-a00c-9091f7aac9cc,8e4ba1ec-f633-4b4d-8613-da97f94d1954,cleaning,1045
a2700645-23fb-4f70-a00c-9091f7aac9cc,229e9a0a-2866-450b-84bd-ae896093f79f,repair,1152
a2700645-23fb-4f70-a00c-9091f7aac9cc,03f8edee-a276-4af6-bdcc-9a9a2adb0a13,painting,3936
1780c41b-9a11-47f6-9cf3-f827e27333ef,09cfbcef-7361-43ea-8173-2f4d956ab068,maintenance,112
1780c41b-9a11-47f6-9cf3-f827e27333ef,9902d794-9706-4e60-a473-5008630be559,install,151
1780c41b-9a11-47f6-9cf3-f827e27333ef,16b6052c-5b36-4de2-b068-e7611dfd425b,construction,38
1780c41b-9a11-47f6-9cf3-f827e27333ef,01c258e7-b5e0-4159-a5ed-76fa76844a8b,install,350
3d102a96-bcf6-47c6-b65d-cf06f0101194,8cb12da5-9a0c-4037-9f86-b142141b7414,install,896
3d102a96-bcf6-47c6-b65d-cf06f0101194,3dfeb421-bde9-4f2e-9b02-c0b26472adab,other,795
3d102a96-bcf6-47c6-b65d-cf06f0101194,391b0a1a-fd1c-4cf2-9bb4-3dcb0541ca2d,cleaning,1134
fa363686-4625-478a-9543-e04c7c352ecc,ea2f84a5-39bc-4222-b972-4634e344f782,maintenance,140
fa363686-4625-478a-9543-e04c7c352ecc,3cff3eca-2b43-44fa-bbe7-c58f89861976,maintenance,294
8ebae505-18e9-4dfa-a9d1-0d8c78307f89,58c2f9cb-5724-4fbc-9c83-c811ec453d16,cleaning,42
8ebae505-18e9-4dfa-a9d1-0d8c78307f89,0af013ec-dd7a-43e3-9d7f-543825bbb083,cleaning,267
8ebae505-18e9-4dfa-a9d1-0d8c78307f89,aac4a2a1-10dd-470d-a620-ff73cc59aa12,repair,240
8ebae505-18e9-4dfa-a9d1-0d8c78307f89,1311d7b0-34ab-4aa4-b0f6-6815125f3a05,other,768
031816c6-a469-499c-8c0b-cb487b25e3ac,6c8a7034-9597-46ce-a31b-ece5f26a6ca3,construction,2648
031816c6-a469-499c-8c0b-cb487b25e3ac,4094058c-ee13-41d5-b3fe-2a1ba3cdac1a,construction,4185
8bc5e8d5-5551-4e96-9ba5-6783aca31d87,38e977b0-055a-4817-b2ec-7a634d8f8404,install,1985
897dda7a-d8fb-4648-a553-b8ee4b366167,d64a5eda-b242-4d8d-9fcf-8e2c06775387,repair,674
897dda7a-d8fb-4648-a553-b8ee4b366167,cc40f2ab-d565-457b-9c76-e2477c29163a,construction,130
897dda7a-d8fb-4648-a553-b8ee4b366167,6e3f0f67-ab87-4ca1-a139-f7fc1be95acd,install,182
897dda7a-d8fb-4648-a553-b8ee4b366167,f97d9620-3cf0-4068-baef-d30ada956882,other,708
897dda7a-d8fb-4648-a553-b8ee4b366167,bc96aeeb-134d-4861-9a21-5bfbdf27ea85,other,2040
16c44af1-d653-4765-9429-705d4a856a57,875bc825-608a-4f7c-9761-9f260c61c336,cleaning,231
16c44af1-d653-4765-9429-705d4a856a57,53f23805-c579-4594-a30b-cc684e0bbc2a,maintenance,380
16c44af1-d653-4765-9429-705d4a856a57,c3362108-92f3-4f93-9a89-ff6d15d0e113,install,351
16c44af1-d653-4765-9429-705d4a856a57,22b14bed-2876-4ab1-9906-7f836815baf4,painting,237
16c44af1-d653-4765-9429-705d4a856a57,315b14e4-6d56-4abf-9c2c-4434290b9f9b,painting,815
24807b91-8216-47ff-aa88-45be0eeb2620,48856693-ea27-4fb5-bbdf-eb57baf0a981,maintenance,535
24807b91-8216-47ff-aa88-45be0eeb2620,eeb8e17b-291a-4f53-8042-e60ada1be008,maintenance,1744
24807b91-8216-47ff-aa88-45be0eeb2620,e4085ce7-d119-4ca5-9e6e-7960350c8aba,construction,222
24807b91-8216-47ff-aa88-45be0eeb2620,3bb88026-e86a-4fd6-865e-12c1a2f7679f,cleaning,3269
66825a84-d6cc-445f-b077-be1a61361074,1e553497-4059-42ac-bdff-21b0d267eca8,repair,1848
66825a84-d6cc-445f-b077-be1a61361074,23cf9320-ac38-407b-bad3-0bad33ae1adc,cleaning,7338
6ac35ee0-2dcd-44aa-8ff0-38c9cc79eb08,c3229397-14e8-492f-80c2-0de038a09365,construction,589
6ac35ee0-2dcd-44aa-8ff0-38c9cc79eb08,05d6f7dd-4be5-4f71-9fd8-16e4022d7faf,construction,1209
6ac35ee0-2dcd-44aa-8ff0-38c9cc79eb08,76cc33e7-ff2f-4f15-b934-c98833b3847c,other,792
6ac35ee0-2dcd-44aa-8ff0-38c9cc79eb08,37a4ec2b-634c-4338-8190-4797667bea96,other,2032
e987cc39-36cb-4d0a-be06-cd2149066b33,8a3f8a4b-9cc1-4b28-9f10-0769c2f45ec8,painting,952
e987cc39-36cb-4d0a-be06-cd2149066b33,568655ce-5777-4c0c-ae53-a1d855630c75,maintenance,1762
e987cc39-36cb-4d0a-be06-cd2149066b33,82e6da2f-15e1-4d65-adba-7cb0fe599e0b,painting,4532
28857508-461c-468f-9a89-040279ad930d,0f5039b1-a422-4c6b-b7b1-70d47bc16393,repair,194
28857508-461c-468f-9a89-040279ad930d,cc74a393-f201-4c3a-9f58-176b84b0f3dd,construction,142
28857508-461c-468f-9a89-040279ad930d,337bcb16-5b14-4e88-926c-06c235b0d6af,construction,919
67f7717d-9b1e-4ebf-ae1c-fa57716aea70,d5349c21-18b8-441e-8db3-160da785cd3f,install,4
67f7717d-9b1e-4ebf-ae1c-fa57716aea70,fd03ba37-58eb-4415-920d-89c98c8d3a9b,install,206
67f7717d-9b1e-4ebf-ae1c-fa57716aea70,8bd1fbfd-f9db-4fd5-9fa9-1eab6818f0bd,construction,98
67f7717d-9b1e-4ebf-ae1c-fa57716aea70,db277957-c9b7-4d11-8a1d-3cceb3492bc3,painting,388
67f7717d-9b1e-4ebf-ae1c-fa57716aea70,29785e3b-e4b2-4b46-9531-4abb0f473c96,other,438
b7055590-5c68-4447-a39c-1616586f92ac,a9b880e5-532d-442a-8ef2-d04cfc657e44,other,393
b7055590-5c68-4447-a39c-1616586f92ac,0c966dfd-9064-457e-a902-e67045a30d7e,maintenance,427
b7055590-5c68-4447-a39c-1616586f92ac,7f57c438-801a-4039-bf6d-05eb094a84de,painting,345
b7055590-5c68-4447-a39c-1616586f92ac,abec2f28-99dd-4811-8c22-290b10a218aa,cleaning,808
6d2cc1c6-b18f-4b0b-ada2-6646c90a8c84,7834dc7e-5cec-4f47-aaa7-d7131e55605e,maintenance,788
6d2cc1c6-b18f-4b0b-ada2-6646c90a8c84,78945d43-9650-4776-bd34-a05a9144059e,install,1334
6d2cc1c6-b18f-4b0b-ada2-6646c90a8c84,fb2595eb-8020-4ef8-82cf-e3dffcb52184,repair,2229
6d2cc1c6-b18f-4b0b-ada2-6646c90a8c84,a46f5307-e168-4c0d-ae88-23089bb11883,repair,3324
490765d3-7b37-4827-a9ed-a3861497a09d,3b9eeeff-2846-499b-879c-cedf1918288e,construction,30
490765d3-7b37-4827-a9ed-a3861497a09d,afbde4a9-359a-47b7-ab9e-9d7f0d4df687,painting,32
490765d3-7b37-4827-a9ed-a3861497a09d,4f0468ff-abf0-47b3-93f4-9bd0cc23b9b2,maintenance,319
490765d3-7b37-4827-a9ed-a3861497a09d,9a6660a5-4566-413a-b2cd-64204f45e0c5,repair,3
490765d3-7b37-4827-a9ed-a3861497a09d,138485db-442b-421d-b318-8c80b6b04669,cleaning,901
d293f333-1ff9-44b9-8081-0f8e133a1160,df4c25b0-4343-4222-a36c-6bbf882b3b77,cleaning,49
d293f333-1ff9-44b9-8081-0f8e133a1160,e24c3043-5eef-4a34-bef3-30495c98ad2c,construction,10
d293f333-1ff9-44b9-8081-0f8e133a1160,ff2bc624-8868-423f-a7b6-cf543a3c3b98,construction,96
d293f333-1ff9-44b9-8081-0f8e133a1160,1078a005-767f-4194-93c4-4e9fdd3c1297,other,44
d293f333-1ff9-44b9-8081-0f8e133a1160,5db6490f-aa3c-4f21-945d-42ceb011cf1a,painting,159
22d461d5-2780-4806-aac6-5a86da760644,31fa7d9a-5607-4eb2-9853-391c113a52c0,painting,1521
22d461d5-2780-4806-aac6-5a86da760644,d476c268-c797-44a7-8adf-7bc4c450cf0d,maintenance,1511
22d461d5-2780-4806-aac6-5a86da760644,e05bf16f-ba89-4ea7-a8dd-b8ac4cc4fab5,repair,936
22d461d5-2780-4806-aac6-5a86da760644,3e73de6b-085f-4dce-a78a-2c41d36f92ca,cleaning,983
22d461d5-2780-4806-aac6-5a86da760644,859f94c0-333d-4a31-a7f0-565b10b9821b,install,4388
523f1369-c93d-4732-a090-7a3ea3309a17,9b63f4f6-8b90-4ac6-85b4-e0d154808480,painting,64
523f1369-c93d-4732-a090-7a3ea3309a17,846e2e42-f197-44a7-ada7-ac01e6f23e73,construction,827
523f1369-c93d-4732-a090-7a3ea3309a17,94d0a295-18ea-43e7-8315-4d8595baa55d,other,436
523f1369-c93d-4732-a090-7a3ea3309a17,2a54555a-818c-44e5-908b-e179e86666dc,construction,1617
ecc1fea1-f873-46c5-beb1-27b6ad779a30,4eb3f066-42c5-4b63-a7cd-59b08dad892d,install,276
ecc1fea1-f873-46c5-beb1-27b6ad779a30,340a3d0f-a3f1-4e5b-8572-9551c999a3e0,maintenance,456
ecc1fea1-f873-46c5-beb1-27b6ad779a30,00d68684-5558-49ee-8fa5-c0b9d08e0193,cleaning,1013
ecc1fea1-f873-46c5-beb1-27b6ad779a30,c86b3d6a-c662-49d1-aa30-b6ad2fc9ea66,painting,3171
d2aab71f-bc6d-4b8c-a9b5-90d52f202e26,dd9be256-aa40-4425-be07-50cb802888f6,construction,4238
d2aab71f-bc6d-4b8c-a9b5-90d52f202e26,9453b70b-982c-41dd-91aa-3d080c434f07,construction,4955
62751d65-9ebe-4e12-bce3-00e0880f191f,5b0c64a0-8101-4f47-9df4-180ba7409b75,painting,1238
62751d65-9ebe-4e12-bce3-00e0880f191f,71d09ffd-1a05-414f-9b68-978f4df25553,maintenance,7012
ec640d16-6805-47e3-a472-7979d1c3f8d6,699c1f7e-a23c-42fd-adef-89b1cef25f99,construction,2454
ed2cebba-0866-4289-bb90-e40051a7b4fc,bfb66d69-1c14-4412-8053-9498723d1125,cleaning,340
ed2cebba-0866-4289-bb90-e40051a7b4fc,e8287d49-0914-4e37-b128-3bb8cee5dcff,painting,3722
ed2cebba-0866-4289-bb90-e40051a7b4fc,0c44b99e-2cc3-41f1-9943-bb1e7930a617,cleaning,5812
693c6151-ef2a-48ed-815c-ee4b35fd89f4,d3c5c3bf-531d-458b-863a-db58c3b3987f,other,1536
693c6151-ef2a-48ed-815c-ee4b35fd89f4,dd9d5642-bfc6-475c-96d0-f0965ab8effc,construction,572
693c6151-ef2a-48ed-815c-ee4b35fd89f4,fe3277df-2521-4436-9b8f-f090073df70a,other,2777
40384254-3ab8-4202-90ed-c26961cb2be6,12772c75-aef1-486c-a60f-1424a8492b82,maintenance,200
40384254-3ab8-4202-90ed-c26961cb2be6,0508aa2b-6674-4f77-915d-ad2cd352b80a,construction,132
40384254-3ab8-4202-90ed-c26961cb2be6,83f3e532-d9ef-4a73-9213-c8901d5be3c6,other,351
767364ec-cc99-403c-b969-19eb5ea07fa9,935c611a-be68-4973-93ef-6a53f7996ee2,painting,7495
112ce50e-2cce-467d-b6e3-e42004d13775,5bff1934-5d9d-4dfd-a2fc-26fe75715279,repair,118
112ce50e-2cce-467d-b6e3-e42004d13775,0117cfc1-f344-4fb0-bbe6-640df9c9387a,other,112
112ce50e-2cce-467d-b6e3-e42004d13775,2ee024e0-bb14-40a8-ab20-3756b8495dfe,maintenance,102
112ce50e-2cce-467d-b6e3-e42004d13775,00c609c5-7c5e-4ccd-8c3e-8cada970b541,construction,297
d95daf63-c3a3-4791-8c80-d4f4921d20a5,be5688eb-3ae2-40f0-bd33-1deabbdcf5a1,construction,217
d95daf63-c3a3-4791-8c80-d4f4921d20a5,74df91cc-1b10-4fa8-9b99-3e7962c9cfd0,cleaning,813
d95daf63-c3a3-4791-8c80-d4f4921d20a5,d4dc64eb-a2dc-4dc4-b69e-c6b07cd10d84,construction,586
d95daf63-c3a3-4791-8c80-d4f4921d20a5,cbdf83b7-a3f8-4687-9f1a-524b29e7ff3f,repair,2821
39107bfe-f8ec-4851-9a5e-ab8d0f1960af,9ab02af7-62e5-47f6-84d0-68cb6f5d0a5b,repair,2155
39107bfe-f8ec-4851-9a5e-ab8d0f1960af,14c3d29e-cc8b-45ce-9a1f-52faa12f31db,painting,4824
52780d98-97ea-463a-bc9d-6fe3aa10bd5a,184b00a9-74ff-4f59-a78f-b8bc3bd95e88,cleaning,2093
52780d98-97ea-463a-bc9d-6fe3aa10bd5a,4c368006-81bc-44e0-a16a-8e80a7eb8235,maintenance,1140
52780d98-97ea-463a-bc9d-6fe3aa10bd5a,ffb86400-1b6a-4b67-bdd8-1fb1fef9c98e,painting,1121
52780d98-97ea-463a-bc9d-6fe3aa10bd5a,42fa993f-3af5-4e8f-b54d-af671159ce3a,painting,5434
ad1258e5-f7a9-4659-bdd9-5b82fea57313,68cb769c-2004-4a6e-9a2d-33e23d3a79b5,construction,3753
ad1258e5-f7a9-4659-bdd9-5b82fea57313,831a38d9-586e-47c3-9c36-69e294427aab,maintenance,5972
88f211fc-3ede-423b-880c-5adb90845146,006fab0d-763f-4f50-bb95-8ac31d6f02ca,other,373
88f211fc-3ede-423b-880c-5adb90845146,f5ccd882-ed60-4cc9-b7a9-6c055509adf9,painting,764
dff0c6f9-ef39-4551-81e9-d358707b6e92,3dc0d489-1d13-4252-af35-7a1d740f8902,cleaning,296
dff0c6f9-ef39-4551-81e9-d358707b6e92,927d0f43-96fd-4c94-979a-6a158634847d,maintenance,3262
dff0c6f9-ef39-4551-81e9-d358707b6e92,becc3292-c5db-407e-99d4-c41acb4354d7,other,3817
ebed2336-79b7-4523-ac41-823160342140,5d33144c-9528-46f5-a419-bf48e0e8c681,construction,128
ebed2336-79b7-4523-ac41-823160342140,98ec725c-b538-490b-ad37-c7c4f5d3c42f,install,728
ebed2336-79b7-4523-ac41-823160342140,df974698-cfa1-43d2-aa07-3daae46e42ec,repair,2600
dab3bdf7-b1c7-460d-895d-ccc8fd52bf1a,be4f4692-92d6-4bd9-9ad5-7a6ad55adff4,construction,2104
dab3bdf7-b1c7-460d-895d-ccc8fd52bf1a,5ab43b63-620f-439e-9d90-27ad14372ea1,maintenance,1963
dab3bdf7-b1c7-460d-895d-ccc8fd52bf1a,0e19c338-6bd2-41ae-81c3-5f4b8399cc06,install,983
dab3bdf7-b1c7-460d-895d-ccc8fd52bf1a,fde642fc-ce9d-4937-8eef-b41649db1dfd,install,4839
3b702752-0613-4edf-b870-ad023151f80e,651e6dea-773f-4277-9f10-1990b40db75b,install,867
3b702752-0613-4edf-b870-ad023151f80e,e62b16ad-fc6b-4c48-9ef7-e8bebfe1a991,install,311
3b702752-0613-4edf-b870-ad023151f80e,7f82a004-caa0-4c2f-bc12-bd861cc8cb39,cleaning,1942
3b702752-0613-4edf-b870-ad023151f80e,8316307e-10da-4c43-936d-1365d7b10a60,construction,3643
2b0538e5-f235-44b6-a8c0-bc01ea1b1574,1ba5891b-6035-4169-be37-0be836731b89,painting,7529
76569bec-984e-4920-813a-ad5531ea115f,a0311563-468d-4944-90c2-24ea9c9f0954,cleaning,564
76569bec-984e-4920-813a-ad5531ea115f,1eaf87ed-c3a7-47ff-953a-42f0fa7c2d5e,other,700
76569bec-984e-4920-813a-ad5531ea115f,96a23b6b-8843-4152-b0c9-009fb6ce5713,other,2163
76569bec-984e-4920-813a-ad5531ea115f,5b9fea73-3647-4486-b833-a0de0a45aaef,painting,2726
8eee485d-4561-40e4-8dcf-c35f542c4e20,af28dd99-a15d-4126-81c5-1109db0f3b81,repair,503
8eee485d-4561-40e4-8dcf-c35f542c4e20,1c04d5e5-76fa-4be5-b3ce-b922a015fe7f,painting,378
8eee485d-4561-40e4-8dcf-c35f542c4e20,74321968-638b-4e0c-816e-3cd5cd6dbd8b,construction,314
8eee485d-4561-40e4-8dcf-c35f542c4e20,79bb8a7e-5fe3-478d-a964-bfe73e750762,repair,306
8eee485d-4561-40e4-8dcf-c35f542c4e20,ceb84f2b-14ea-445f-944b-d4bd3d3a8378,maintenance,1266
12bc8d26-adcd-4ec6-bd08-a1577aa19e5b,2c275758-5e75-415f-b3a0-1709814ac750,cleaning,156
12bc8d26-adcd-4ec6-bd08-a1577aa19e5b,29df5df7-de7e-458c-88a8-03022b907615,maintenance,679
12bc8d26-adcd-4ec6-bd08-a1577aa19e5b,c3e8b91e-fe0a-48ba-bd58-192e7b372e0b,cleaning,56
12bc8d26-adcd-4ec6-bd08-a1577aa19e5b,a8ffa01f-e65d-4288-a9bc-ebca31b12081,install,641
12bc8d26-adcd-4ec6-bd08-a1577aa19e5b,32923e53-750f-4562-b2c5-13e1a79c064d,construction,1537
7a435777-ebba-4f31-a93a-a39e14cbdf19,a45b78d8-824c-47be-98f6-ccf08c791964,repair,1491
7a435777-ebba-4f31-a93a-a39e14cbdf19,1da728cf-bdee-4443-b5bf-aef126513760,install,1990
7a435777-ebba-4f31-a93a-a39e14cbdf19,dc644767-d5f6-401d-99e7-9fba3cf2761c,painting,2617
a9d14a46-4fc2-405f-a966-4b66177d0545,e75871e8-0ccb-4011-ae66-62165d590e8d,maintenance,1293
a9d14a46-4fc2-405f-a966-4b66177d0545,c9adb215-2517-4f3a-8ebc-8f44cbcea2b7,construction,511
a9d14a46-4fc2-405f-a966-4b66177d0545,5afb1294-8f79-43db-9c25-9153a62a14ca,other,7389
f4479762-df8b-49f7-92dc-2d6f8a39894e,075e6eb3-c4bf-4d66-a13b-4bcb80716c7d,repair,76
f4479762-df8b-49f7-92dc-2d6f8a39894e,74c13124-1e9f-48a5-988f-190fff150ae6,cleaning,217
f4479762-df8b-49f7-92dc-2d6f8a39894e,911d4d6e-ad22-468c-8a8a-d9fb98a68317,construction,3035
b9a6fb8d-d733-4bb2-ba61-271b13926646,4c5123c1-f362-4121-93b9-fe0bbe18b18b,install,2847
cd12ace5-9eea-4ecb-87c1-861570297a4f,906939e4-7e91-4290-aa81-338564b97b9b,other,693
bc7534cc-d280-487b-b2e3-b04398e70bd5,a71bd69f-0a7d-4655-bf0a-a42e5d2c157e,repair,130
bc7534cc-d280-487b-b2e3-b04398e70bd5,7ffcab54-435d-487c-a473-f172adebae59,construction,1081
bc7534cc-d280-487b-b2e3-b04398e70bd5,36daca56-7f18-430e-baf2-f5688b9ca800,construction,233
bc7534cc-d280-487b-b2e3-b04398e70bd5,771dd759-f6d2-48fd-a694-82c741dec281,install,433
bc7534cc-d280-487b-b2e3-b04398e70bd5,6a7d26bf-8741-4d72-877d-0d80eb045082,repair,7760
5066c141-3c7b-4f06-8483-6e69ce7ba056,06c87535-b13b-43bd-8e4a-e2984b923285,maintenance,35
5066c141-3c7b-4f06-8483-6e69ce7ba056,6200d471-179d-41ad-bf0a-5e4352e62135,construction,9443
a0f5fabb-5ccd-4efe-8b55-7c74ce07f621,12bf10a7-c18d-405a-95bb-4f90997367c8,painting,67
a0f5fabb-5ccd-4efe-8b55-7c74ce07f621,ea673291-b05f-42a5-96be-b8deecf82220,repair,436
a0f5fabb-5ccd-4efe-8b55-7c74ce07f621,c7c50ecd-afcc-42c9-ba4a-83e0b5812327,painting,551
9b2e281c-3644-4664-853e-7839dcd17a7c,be8a65fd-e510-4cf7-a742-a3766359f70c,install,912
9b2e281c-3644-4664-853e-7839dcd17a7c,b77f71f6-e574-48e6-b272-9c7a1ebf3bba,cleaning,260
9b2e281c-3644-4664-853e-7839dcd17a7c,3a36aa8b-af3e-4bb3-abf8-7b6543124475,maintenance,3272
7befd6a7-6b4e-4328-adae-0867ea16281b,a2584201-fbc2-4e8b-9a52-6738096d507f,construction,1698
7befd6a7-6b4e-4328-adae-0867ea16281b,1df759eb-2aa3-46fd-819c-1d5042a84976,repair,7700
10843a4d-fbae-4c8f-b28c-b369099166ce,9679d6dc-40f8-4e44-8213-c9d7f97702a5,cleaning,5652
6c8cab22-5642-4951-a57f-1c51de16b7ab,b02be35d-a346-4954-a090-be051a46403a,install,114
6c8cab22-5642-4951-a57f-1c51de16b7ab,54b4de39-9815-42d0-9e03-9c83dfac2c15,repair,140
6c8cab22-5642-4951-a57f-1c51de16b7ab,444e5b92-b326-4731-a20d-1f921f1b4d4a,maintenance,228
6c8cab22-5642-4951-a57f-1c51de16b7ab,341d2379-0b6f-43f8-9743-db38eabe6f64,other,6
6c8cab22-5642-4951-a57f-1c51de16b7ab,707f8f83-a054-4374-a170-af9816908089,repair,664
b84dfa2e-287c-4c09-b7a3-7883b4c8c488,39dee344-221d-4e16-ac0f-23a8de2b8283,other,9249
bf78a491-b2a9-4161-b46f-bd85c9e8b955,54e3f929-73cc-4ac2-b9f6-c2148ccc09e6,repair,462
bf78a491-b2a9-4161-b46f-bd85c9e8b955,24f56bbd-bd79-4557-ab77-0ac3a7f6bd82,other,92
bf78a491-b2a9-4161-b46f-bd85c9e8b955,ee64df85-e267-4cff-89fd-02e6beca0e46,construction,2094
bf78a491-b2a9-4161-b46f-bd85c9e8b955,8ec55861-b63d-4d6e-93b6-c4de02146889,maintenance,1241
bf78a491-b2a9-4161-b46f-bd85c9e8b955,b1d08d76-d4d9-4b04-921d-318dacdcfedd,maintenance,5006
a437cb94-b605-4a5f-9d43-307781402c50,558053c9-5151-469c-870f-7e000554b86e,install,1350
a437cb94-b605-4a5f-9d43-307781402c50,b7fec74b-ff27-463a-b3c0-e8734ec9ffa5,painting,1350
a437cb94-b605-4a5f-9d43-307781402c50,deb98cb6-859b-472e-b631-e71ed4c11ff1,other,138
a437cb94-b605-4a5f-9d43-307781402c50,3bc1ca28-5177-4e55-9be1-7e188b1cf885,construction,781
a437cb94-b605-4a5f-9d43-307781402c50,5d6fe920-3536-4ec2-a52a-c34e67e2c5ea,other,4420
672fe156-c548-44bc-9512-b90990ab13f3,05d3308e-de0c-4b1f-a751-f6f1d2fe061d,maintenance,60
672fe156-c548-44bc-9512-b90990ab13f3,26153cc3-bcb0-48f0-93f6-38cf910d9795,cleaning,10
672fe156-c548-44bc-9512-b90990ab13f3,629dbfc1-0331-4e7a-9c48-e320f4f1fda9,cleaning,467
672fe156-c548-44bc-9512-b90990ab13f3,7082a81e-bd0f-419d-978b-23af2fe52dcc,cleaning,1282
1e22e0f7-bb12-4b4d-b85e-28310acd7a93,cd76bd1c-5f08-4c4d-95f7-c79234eaeea2,repair,28
1e22e0f7-bb12-4b4d-b85e-28310acd7a93,a9cba27b-fd75-472a-b8a3-b2c56e5265b6,other,181
1e22e0f7-bb12-4b4d-b85e-28310acd7a93,9b694a24-817e-4f35-a11d-6935caf1acfb,painting,11
1e22e0f7-bb12-4b4d-b85e-28310acd7a93,f2ecce27-4033-4e15-940c-0d0aee09e75c,construction,526
6dec52b4-6a6c-4d10-bf2f-9bf170cbdd1d,254f1f41-f999-4840-a749-7eb77895959b,painting,2028
6dec52b4-6a6c-4d10-bf2f-9bf170cbdd1d,5d8d2d27-66a6-4eba-8443-53883fe5bb04,painting,2993
6dec52b4-6a6c-4d10-bf2f-9bf170cbdd1d,3600d092-b0ca-441f-8f0e-6b8e2c18bd9a,cleaning,3449
359e107f-eaf2-48e6-8ac7-4a4b1d150b8c,752b680c-b7aa-4eb4-a005-a3126196b7a9,painting,199
359e107f-eaf2-48e6-8ac7-4a4b1d150b8c,741ebcf6-1331-45ad-a983-e00ce480372d,painting,800
2ac3587a-559e-497c-a3fd-2f2c283d98fd,326899c4-34e5-4d95-974f-b211dad6a9eb,construction,7039
adff3995-fafc-43bb-8849-04dd046e8459,6ef763ed-5785-41e4-b079-fb561823e1c4,install,8672
59356059-7dc0-431b-ac4f-f855054bc223,8c518978-de23-4919-935e-b9688f479d99,painting,340
59356059-7dc0-431b-ac4f-f855054bc223,c47e6167-640b-48e3-bdc9-67912554c52a,other,1635
59356059-7dc0-431b-ac4f-f855054bc223,bfee9705-1d83-4b62-80b3-49393ee67a2a,install,1085
59356059-7dc0-431b-ac4f-f855054bc223,3132117b-9afd-4fec-861b-e120e749b8e5,maintenance,4794
a927b3ca-8d56-4285-b9f6-85f2fbb5c6a9,1df3bc9f-bcd2-4d78-bed5-ac3605ab85a1,construction,46
a927b3ca-8d56-4285-b9f6-85f2fbb5c6a9,f73d772a-928d-4af0-a12b-5a6a75b011fb,other,1098
36eabb9f-5687-4d15-915d-b3a061101a57,f6e2ae76-e9d7-49af-8640-670dfd22dd6f,construction,2940
2d6bcd57-f30e-4b76-a567-6a39dc79f85a,98bf3ca8-c9b4-4889-9069-c35d7b72059d,maintenance,828
2d6bcd57-f30e-4b76-a567-6a39dc79f85a,12416d85-38cc-45fe-824f-816b8e66071b,maintenance,9067
f56fe582-c0bc-4898-b51b-f9babb347c56,a52becb0-238b-4391-b47d-654fdf0250d7,repair,2345
45dfaf84-8102-4a9f-87e4-1e1ab4f8695a,0eedd98b-d169-4204-a60c-bcfe1119cb14,painting,265
45dfaf84-8102-4a9f-87e4-1e1ab4f8695a,4f0460d4-a340-4b6d-9b1f-cbbfd06c15bd,repair,1389
45dfaf84-8102-4a9f-87e4-1e1ab4f8695a,9d17a779-bd00-429a-9543-e055cd37b3b9,painting,2893
ea0df24d-2d76-4938-af2c-dc9917ebaac6,33d249b9-45d0-46f6-b070-44d7a5190348,other,1310
ea0df24d-2d76-4938-af2c-dc9917ebaac6,9c63dcbb-31c9-4a7b-b434-824fc1e55cfe,cleaning,1872
ea0df24d-2d76-4938-af2c-dc9917ebaac6,7ece2b42-caaf-455e-b9b3-0b0866211ac4,maintenance,4431
f661f142-c280-49e6-a35c-ae3a3ed2b2a9,2aca085f-8917-43e5-b4ba-d7f09a0b5630,construction,144
f661f142-c280-49e6-a35c-ae3a3ed2b2a9,76521001-f1c2-464f-a05f-2e62a3e2e784,repair,564
f661f142-c280-49e6-a35c-ae3a3ed2b2a9,1ee2704f-98e2-4f4e-a3b9-d948ad9a0cd3,painting,456
f661f142-c280-49e6-a35c-ae3a3ed2b2a9,c5d56ff3-8549-4c4e-96e0-30c67a30c66d,maintenance,734
9cfd5d0b-c84c-4e4b-b23a-940eb456c764,205586fd-f9f7-4810-bd32-58bf49b379e7,other,2802
9cfd5d0b-c84c-4e4b-b23a-940eb456c764,fd9f9e49-d801-4003-a58d-667c5d2a0929,cleaning,993
9cfd5d0b-c84c-4e4b-b23a-940eb456c764,8f558b81-a60f-446e-8dca-487f634e6340,repair,4655
93a115f3-7f36-4727-a00f-c01ee9b8e6f0,6dd3d40f-cc6f-4c95-8cb5-a866ef4ca44e,construction,276
93a115f3-7f36-4727-a00f-c01ee9b8e6f0,a4eda96c-5628-403a-a8cf-3a6e2b8e7393,painting,154
93a115f3-7f36-4727-a00f-c01ee9b8e6f0,074acfaa-64e8-4e48-b5d0-9e36db7b5f16,painting,1632
24f8218d-0df4-465f-871a-ad2b702b9066,e96daafe-7583-48ed-bd82-652f017ed83c,install,1775
24f8218d-0df4-465f-871a-ad2b702b9066,733c8e3f-1138-4f67-81a9-9b654eabf4f9,install,846
24f8218d-0df4-465f-871a-ad2b702b9066,b026f197-999f-46a8-ae12-cea608c83601,construction,77
24f8218d-0df4-465f-871a-ad2b702b9066,f916206a-b6c4-47e7-8e9a-a1a3a206232b,painting,976
24f8218d-0df4-465f-871a-ad2b702b9066,ab16cd14-14ec-4b8a-a3bc-753be30226c1,install,5498
beb0a058-90c6-4ad2-aff4-e99b12b2945a,604fa818-8e75-4976-a3c0-5f9f5ec2816b,install,422
beb0a058-90c6-4ad2-aff4-e99b12b2945a,b5882299-95d0-40b4-84df-1d0f94276690,construction,328
beb0a058-90c6-4ad2-aff4-e99b12b2945a,19c4ea5e-62af-4d26-92c7-08e50519b0d0,install,908
227cbed0-074e-4ebb-866f-61d831a34002,5e53101b-f946-4383-84c1-867c0165584e,repair,2891
b312d420-d4d2-4562-9681-075b45c25287,a124c83e-533f-41b7-9376-a700393499a3,construction,815
04ba6d08-22bb-4b32-a660-aea923c33535,5940c780-4477-45b5-a23e-5cf6b5e88bf0,install,7972
ffd71f8a-c37a-43a6-91ec-0a3deb6b87e0,431af598-afcf-4869-93c2-bb47dc847434,construction,2405
ffd71f8a-c37a-43a6-91ec-0a3deb6b87e0,f8683a28-38e1-4969-a8f4-f91147a32c4d,repair,2416
bad00ef8-22cf-4e6e-94a9-ca257bc4b97d,b5098223-2a2c-4e78-b5c3-8b3c35061c42,painting,7018
52acf25d-6c23-4681-bb9c-579f045bf301,9a05952a-6125-4e8b-a250-984621d4c85e,construction,432
52acf25d-6c23-4681-bb9c-579f045bf301,12d2590b-c59a-44c4-bdfe-99fb98ab1a88,maintenance,936
52acf25d-6c23-4681-bb9c-579f045bf301,aa68c987-8193-4dcf-8308-6247cc2cf13d,cleaning,2986
52acf25d-6c23-4681-bb9c-579f045bf301,473d0b71-1094-4da7-88a3-909bbf5e679a,painting,5505
f2423788-8f93-4029-87bd-269f874f8ed1,f323a68b-cf5c-41e6-97c8-3693c69a6de2,painting,2003
f2423788-8f93-4029-87bd-269f874f8ed1,080e64a1-d682-4c3d-9d12-41720151fc4d,cleaning,1321
f2423788-8f93-4029-87bd-269f874f8ed1,e0b13731-a265-47da-b17a-293979ffe5df,maintenance,640
f2423788-8f93-4029-87bd-269f874f8ed1,ed7f4793-5697-4b8f-b2f4-f13cbede1171,cleaning,4699
4b15db26-4c9c-486a-8e8d-f65d18c27eee,746550a1-796b-4039-a672-8ce8afc3cf3b,construction,176
4b15db26-4c9c-486a-8e8d-f65d18c27eee,7d4da5cb-b382-4b8b-8920-08dd623ed51e,other,1422
1da89618-7e23-4905-8cf1-50d103f65463,5e2f830d-82d3-458b-9cd7-409fb3b7257b,painting,2733
f1bdfefe-7b03-4353-a237-fcc551c18773,5b01bcfb-80e7-4462-b906-e083d5678023,cleaning,207
f1bdfefe-7b03-4353-a237-fcc551c18773,32334c30-dafe-4f22-9495-90160dbf2207,other,62
f1bdfefe-7b03-4353-a237-fcc551c18773,381b033d-abf9-4306-b4cd-cdb161539006,other,210
f1bdfefe-7b03-4353-a237-fcc551c18773,4ffd99a1-49ea-4724-a5a9-62628126ddb5,painting,150
f1bdfefe-7b03-4353-a237-fcc551c18773,ef0e5a74-81ee-4c10-9f37-0c40efa8e50f,cleaning,982
01bc091a-7aba-43d6-9809-72fcc9a7742e,db1c7b3e-f0f9-4738-990a-343dd4322dbb,other,2883
a6d0c7ee-5656-47d9-889e-83db76501e1e,fafdff7f-1e70-4c0f-998a-527e43fb0e54,repair,437
a6d0c7ee-5656-47d9-889e-83db76501e1e,59cbe00c-0d3c-451f-a0d0-6c58db25df8d,maintenance,582
a6d0c7ee-5656-47d9-889e-83db76501e1e,21e8a807-b4e1-4f8c-b320-7dbdb58a6748,repair,930
a6d0c7ee-5656-47d9-889e-83db76501e1e,95351a3c-1417-4ebb-9806-1d2e8bbce4dd,maintenance,18
a6d0c7ee-5656-47d9-889e-83db76501e1e,86b4d664-cf1b-4183-bf87-7649cbea67c9,maintenance,6502
46c8bf8b-4013-4a8b-8b68-4bbdd169457f,aaa5346c-9b9a-42cd-8f5c-d70431f93723,other,2629
2e3748ee-2604-4694-8896-365802227be7,60d284af-f688-493b-9b36-841eacd2d6fd,cleaning,277
2e3748ee-2604-4694-8896-365802227be7,11145d7c-043f-4ac8-b4ac-58525e4e12df,painting,108
2e3748ee-2604-4694-8896-365802227be7,17fa9973-690f-473a-9b40-2a097326ae26,maintenance,10
2e3748ee-2604-4694-8896-365802227be7,978ab9b1-0ffa-41fc-93ad-73744d1d23de,cleaning,559
2e3748ee-2604-4694-8896-365802227be7,8034f98e-9634-422e-b7b2-7fc2a18b750b,repair,822
e738df7a-ebc6-4774-9155-2f224137a2b6,5acc3eea-93e7-462c-a8b6-1033cfee3d5b,cleaning,32
e738df7a-ebc6-4774-9155-2f224137a2b6,daa52662-650c-4146-9700-d69df7772a9e,construction,235
1b981d5c-92c6-4a83-bc4e-4ffe553f51e9,fa089133-e6e8-4da8-9530-964fd6ffa95c,maintenance,111
1b981d5c-92c6-4a83-bc4e-4ffe553f51e9,f1f59630-53ad-49db-a8b0-d40dec767f0f,repair,1122
1b981d5c-92c6-4a83-bc4e-4ffe553f51e9,af345433-f3b6-4f0e-bbcb-8a3d93e8173b,cleaning,2753
63f72789-f7ca-4466-9e10-0d8dd9fcc5a4,d027d31a-633c-451d-ab8a-7170cb85f714,cleaning,804
63f72789-f7ca-4466-9e10-0d8dd9fcc5a4,5f748af4-83b8-475e-a784-2096a4b3737d,other,2642
63f72789-f7ca-4466-9e10-0d8dd9fcc5a4,ecdc578b-9331-4742-ba9a-466bfea52a8d,repair,1922
63f72789-f7ca-4466-9e10-0d8dd9fcc5a4,30d409fc-c6f7-4990-9844-fdbc9bc68676,repair,4411
32dd5cb2-12da-448b-a006-47163107d893,0145c267-8729-4474-8122-39347397852d,other,992
32dd5cb2-12da-448b-a006-47163107d893,ddee1c2d-6972-4ab3-8c73-cd7a5b0bf5c1,cleaning,637
32dd5cb2-12da-448b-a006-47163107d893,248a9770-a356-4d27-ba0a-ae799c93ae3f,construction,496
32dd5cb2-12da-448b-a006-47163107d893,21b3ba08-d16f-4810-88a8-67a9d2273bc2,other,2002
528adc96-bf35-40a7-bcba-2a7d22ab1d5c,c575438f-450f-4f5e-9501-80bfae702325,maintenance,3590
528adc96-bf35-40a7-bcba-2a7d22ab1d5c,a0be4c9d-5ed1-4a7a-b141-fe2e0a5c8ac5,painting,5234
6bb0148a-e6ef-4ade-a16a-ecc3501ac45b,89e493b5-32dc-4359-9a05-310929af6a18,install,9288
acd6d5e4-f1fc-4338-ad29-b9d7c8854f9e,10b91844-a61b-4105-aaa1-1dbd04d92a46,install,947
acd6d5e4-f1fc-4338-ad29-b9d7c8854f9e,295122a2-8dda-4e62-ac42-8f0262121f8f,construction,1208
acd6d5e4-f1fc-4338-ad29-b9d7c8854f9e,e01f4029-011c-4464-8530-fa3b510ea918,other,334
acd6d5e4-f1fc-4338-ad29-b9d7c8854f9e,0d258b7d-bf39-45fb-aaaf-fd4d120c36fb,install,1011
acd6d5e4-f1fc-4338-ad29-b9d7c8854f9e,ed3bd979-2be6-4400-a0c6-897b23cc4d44,maintenance,2457
295fa1fc-ce09-42fd-9243-a6b26eb4c42e,24096d79-c56f-4989-8bff-0b1da7bdf146,install,1800
295fa1fc-ce09-42fd-9243-a6b26eb4c42e,12a9c457-0168-4f77-90af-7b185684545e,maintenance,515
295fa1fc-ce09-42fd-9243-a6b26eb4c42e,9f02e7f5-9e91-44e0-96df-e052712c1f47,painting,5226
3b495d29-b320-421d-a246-faeda82e02e1,48364a14-0f68-4384-af1d-12dfb05892aa,install,1122
3b495d29-b320-421d-a246-faeda82e02e1,f3d7802a-5377-42e6-9235-63a54056c3bb,repair,1007
3b495d29-b320-421d-a246-faeda82e02e1,136f969d-fc0f-4946-80e6-e636cf7dc138,construction,667
3b495d29-b320-421d-a246-faeda82e02e1,085bd316-caad-4367-8b28-a61e0a1f0bb7,install,220
3b495d29-b320-421d-a246-faeda82e02e1,e0ef0947-52f2-4a55-b6c3-4e99767a38db,maintenance,3133
39874f28-6aad-4f56-9e05-6072cae084d2,693a2eb6-edc0-4c31-b41c-5bf048fd6ca7,maintenance,8465
a52e43a2-7ef0-4c2a-9cf0-29d5abd6ebc4,d2e7a842-8c06-4ada-b4e3-c1e231c123d2,repair,1077
a52e43a2-7ef0-4c2a-9cf0-29d5abd6ebc4,ba79f807-517d-487f-8c9c-7b04e282394c,install,2839
a52e43a2-7ef0-4c2a-9cf0-29d5abd6ebc4,85ef16ae-b2f1-4495-b2d1-33abc8d59772,cleaning,3396
3ae234e6-8d4f-40ac-bc75-bf533e348e69,68295094-69a4-4520-bad9-57557ef6c17f,construction,353
3ae234e6-8d4f-40ac-bc75-bf533e348e69,02e9b83c-18ef-48e1-b7ed-f11ecdea08e4,construction,254
3ae234e6-8d4f-40ac-bc75-bf533e348e69,70df5f8b-c783-466c-bc1f-e81e63388e3d,maintenance,2256
3ae234e6-8d4f-40ac-bc75-bf533e348e69,f1eadaef-10ef-4b47-9b04-ee2d9eade031,maintenance,5456
dde490d0-15ed-4248-b4ae-340cd0362d83,7973100e-a97a-4be8-bc13-8f0517b63f02,repair,640
dde490d0-15ed-4248-b4ae-340cd0362d83,fe74b2c5-ff8f-4230-9eef-6e7fa992a46b,repair,1655
dde490d0-15ed-4248-b4ae-340cd0362d83,105e4b42-6e80-4503-8982-587719751422,install,3783
6a7d31df-e4de-4462-8d4f-015676752693,2a2aa2c0-3522-454d-906d-c3b781857bd2,other,179
6a7d31df-e4de-4462-8d4f-015676752693,f627412b-40f7-47a4-b9a4-8c08a8a9ef1d,maintenance,252
6a7d31df-e4de-4462-8d4f-015676752693,74b7dfda-c4f4-450a-93f2-d2e6ff5ffb0d,maintenance,258
6a7d31df-e4de-4462-8d4f-015676752693,e88cbec1-27d3-4a7b-ae20-9f2a5b423030,cleaning,678
6a7d31df-e4de-4462-8d4f-015676752693,9ecb2279-0a1c-4083-b846-1bca39f17d0b,cleaning,2387
92074c5b-2ceb-461b-af94-811c7c0304ac,194f48b1-2526-4669-8a2b-6dbae2bce3ef,construction,4614
9144ffe6-fbe8-4250-9307-96f498911424,018844da-da7d-40aa-8a82-392fb8e4a0ec,painting,610
9144ffe6-fbe8-4250-9307-96f498911424,fa0930a6-04b4-4da3-9379-bdf9a38e7bbb,cleaning,327
9144ffe6-fbe8-4250-9307-96f498911424,9edcefad-b4fe-48fa-8d3c-d3cfd7336763,maintenance,1173
7c2a6a2d-148c-488a-963b-948ef4a3dcc9,78e42b60-1d4c-4eb2-a1c8-eec6e9b7c2f6,construction,31
7c2a6a2d-148c-488a-963b-948ef4a3dcc9,48ce8bbc-9e24-46bc-ba22-0ed0789d64d4,painting,254
7c2a6a2d-148c-488a-963b-948ef4a3dcc9,ee3da218-5807-46e4-bb6f-12cc32643e32,painting,967
7c2a6a2d-148c-488a-963b-948ef4a3dcc9,19218280-a3c3-480c-b100-4ff67b413e5a,other,458
7c2a6a2d-148c-488a-963b-948ef4a3dcc9,f51b611d-fcf6-4b9d-b75a-bfa8f472f8f6,other,3227
350bbd7f-e531-4859-8622-0d4e6108c546,fad7e3bd-a956-4200-a30d-bfaca49cc39f,repair,285
350bbd7f-e531-4859-8622-0d4e6108c546,ebc87409-504e-4ec7-8391-1b79b054bb6f,painting,847
350bbd7f-e531-4859-8622-0d4e6108c546,d6870c1e-96ad-4d44-9a49-e68057726f99,cleaning,688
350bbd7f-e531-4859-8622-0d4e6108c546,9af31ccd-6707-4055-9c1f-8d874c860d2f,cleaning,409
350bbd7f-e531-4859-8622-0d4e6108c546,b5f649e3-23dd-48da-a5db-4ccf34d696bb,painting,2187
afbe36d6-0b56-4db9-8c98-b4c8077f805a,d5a3c092-f2e4-4e35-ac95-7557a2c22c18,construction,1178
afbe36d6-0b56-4db9-8c98-b4c8077f805a,9fa059f7-d7e1-4ab7-9d16-f2f9940f39b6,construction,2195
a4a8a1f7-34e1-4f08-9670-8d948907ea72,d5242d73-2b55-4f00-b814-98e180b28ef1,painting,6446
903ed4c7-cd59-4ec9-a474-51217573df6f,9b4daf8b-e56d-46fb-aa80-0086dcb6a570,maintenance,1902
ba5a75f3-112c-452c-a994-75816aa6bb8e,ff699e2e-28b9-4bdd-b8ff-f78e4e77e4c4,construction,276
ba5a75f3-112c-452c-a994-75816aa6bb8e,8613df67-f965-4fa6-9509-bb4ebd80fd5c,maintenance,89
ba5a75f3-112c-452c-a994-75816aa6bb8e,94b3418a-40fa-487e-96ea-08b1f5286d86,maintenance,181
ba5a75f3-112c-452c-a994-75816aa6bb8e,5d77b7a9-ebc2-47ca-bd2f-e9ce89152c21,install,48
ba5a75f3-112c-452c-a994-75816aa6bb8e,1c6a31f1-8868-4bb1-baa8-d19144187e51,cleaning,1386
0e3a96bc-bd9d-42b1-abfe-b55bc8fc6b64,b6b70775-006c-4b87-8119-e7064aa239b4,other,1035
0e3a96bc-bd9d-42b1-abfe-b55bc8fc6b64,dd1d718e-4a91-4d22-adb4-b1d185ee9768,construction,584
0e3a96bc-bd9d-42b1-abfe-b55bc8fc6b64,30ec4ce4-810d-491e-940b-44cf9a65bb39,cleaning,1336
0e3a96bc-bd9d-42b1-abfe-b55bc8fc6b64,f2e0785c-f995-4731-8ab6-9836d30b09d9,install,1622
0e3a96bc-bd9d-42b1-abfe-b55bc8fc6b64,e75b68fa-68ba-4564-94fe-68fdf0c2ca11,maintenance,3810
74ffd8ff-121a-42cb-b500-b9fc2fcbf1d4,653efc43-a449-4c0d-8d37-d8c92f13e3e2,other,352
74ffd8ff-121a-42cb-b500-b9fc2fcbf1d4,7163e3f7-9a30-4b53-a4db-f0a6a3373aea,maintenance,122
74ffd8ff-121a-42cb-b500-b9fc2fcbf1d4,c239a9b6-1eae-470f-a9c0-104cedc48fa4,install,551
74ffd8ff-121a-42cb-b500-b9fc2fcbf1d4,b8af5b20-53df-47b9-ab72-d2978f3198b0,construction,558
74ffd8ff-121a-42cb-b500-b9fc2fcbf1d4,90f09512-0561-4b3a-8f33-05643d77ceef,construction,567
4c545cdc-6721-49c4-aa9d-57a460fdf026,c7b2f8dc-7a9b-46c7-ba99-9deef9444f16,repair,1122
4c545cdc-6721-49c4-aa9d-57a460fdf026,571c34bf-9a24-4e47-9f7a-064f03ab794a,other,1052
4c545cdc-6721-49c4-aa9d-57a460fdf026,b09c2541-fedb-4d75-bd7d-3bd6fed24c55,construction,1543
4c545cdc-6721-49c4-aa9d-57a460fdf026,02ccc6a9-3341-4c78-be0d-0fd6114fa02b,construction,3709
e1b2e2da-d3dc-4c8d-ab69-d766a3d87e9c,17821104-7a2c-4b55-a834-2ed45b24fcbd,repair,604
a81109a7-0301-498c-ad14-658426ef8aa8,51e7fd18-5461-4c6e-913a-d90c9cba5494,install,265
a81109a7-0301-498c-ad14-658426ef8aa8,516c02dd-fdb9-4386-8552-4cb40068f7a1,maintenance,2384
e78cd1f1-eca6-4103-98ef-0f2f76ef5c4b,b7fc4cb3-bdaa-4258-a973-66e8f39789b0,cleaning,123
e78cd1f1-eca6-4103-98ef-0f2f76ef5c4b,5b7984e2-cfcf-43a6-93db-0aaad9c2caab,other,2
e78cd1f1-eca6-4103-98ef-0f2f76ef5c4b,efb92c74-2e92-40bb-9ef3-d4919a5bc5e5,install,264
4a32d2af-2509-4dd5-8e32-2a76095907a5,33a8e87c-4f49-457c-94cb-e8b08dd01fa4,cleaning,707
4a32d2af-2509-4dd5-8e32-2a76095907a5,2851b5bd-36dd-4d48-8254-6af0d76ba406,painting,817
4a32d2af-2509-4dd5-8e32-2a76095907a5,8cc7c06a-e191-435f-82be-427a994350d4,other,7375
7957453b-3144-4139-8bc5-2282724f269d,8e9657c9-1ce1-4c5c-bf3b-9abf85632d4b,cleaning,704
7957453b-3144-4139-8bc5-2282724f269d,e1a7fe1d-3403-4677-9c6e-deb35a599b9a,maintenance,279
7957453b-3144-4139-8bc5-2282724f269d,0510da05-728b-43f6-b621-42919b33184d,construction,426
7957453b-3144-4139-8bc5-2282724f269d,284b7a3b-e46a-4146-b637-4f2cfc7b61cc,painting,884
7957453b-3144-4139-8bc5-2282724f269d,d25810ca-b06b-4184-809c-a04c2bc1915d,construction,2861
d5528781-c73d-4cb5-b5f8-5868d972dead,1c90e79f-3879-40f3-b97e-3f7215db8766,repair,551
d5528781-c73d-4cb5-b5f8-5868d972dead,4b890153-1ee7-49dd-9f59-c218c78ef6f6,install,297
d5528781-c73d-4cb5-b5f8-5868d972dead,9ef5421d-c9e1-4de3-9e56-bc57b887bfb2,other,2189
d5528781-c73d-4cb5-b5f8-5868d972dead,3bf3145d-b110-428a-8a73-f16e2aef23f0,cleaning,4544
8e636f26-7a82-4670-baf6-f9495fb2e648,7a8e3a93-e46b-437d-82e7-36acae63216f,cleaning,73
8e636f26-7a82-4670-baf6-f9495fb2e648,e768e90c-bb76-41fe-a64b-8416da1f301d,install,1429
8e636f26-7a82-4670-baf6-f9495fb2e648,c630b856-5c95-493a-a418-0dea0c718850,install,1287
8e636f26-7a82-4670-baf6-f9495fb2e648,112ca0e4-3015-48b2-92d7-129a32e49af5,painting,3634
c9ad45be-87b6-4d62-92fc-ab04e5f5e7a2,0f630d55-3a02-4bfc-a9ba-46b2e64cbf96,repair,2575
c9ad45be-87b6-4d62-92fc-ab04e5f5e7a2,fc70c2a5-4e74-410b-8265-8155501fcf9a,repair,1186
c9ad45be-87b6-4d62-92fc-ab04e5f5e7a2,03c0a959-afbe-469e-8cd6-64b2b2318e5f,painting,4097
1908c748-4452-44e0-a4e1-ae88597e0522,e56e2899-7b0e-481c-bccb-ffbb2a8227e6,repair,1911
1908c748-4452-44e0-a4e1-ae88597e0522,b6ff878d-5f55-44e8-ba14-2ce0fc67f113,painting,1796
1908c748-4452-44e0-a4e1-ae88597e0522,36df28f5-4cd7-4449-9b46-1687d3b8232d,construction,2949
9994e858-4f19-4f30-bcb3-de35346f4028,28047564-1220-478f-8689-0ca232d23f9c,repair,436
9994e858-4f19-4f30-bcb3-de35346f4028,26b7b166-5342-4cb2-a9c4-33390536e699,cleaning,853
e11faf90-ff4c-4bbe-87e5-9f5807fc8ef9,fe92cf0b-9e6f-43cd-b656-047657e14ca6,maintenance,1893
e11faf90-ff4c-4bbe-87e5-9f5807fc8ef9,c799d033-5ec6-4a14-8633-e9dc030b55e1,painting,3888
62fd3238-24c4-43bd-ba12-a5db964a99f0,b888b66f-e2df-429e-bc91-eb86dc80c9d8,painting,1001
62fd3238-24c4-43bd-ba12-a5db964a99f0,c22e95ab-7ca7-4b8f-94d0-01b8c9ea2a91,maintenance,5591
35f9d763-d13f-47db-89eb-6af4351a25fe,b6417fcc-b3e7-4f55-844e-b895c66b347c,painting,903
35f9d763-d13f-47db-89eb-6af4351a25fe,bbe2c921-e5e1-4b1a-a4ac-491d6d49115e,construction,640
35f9d763-d13f-47db-89eb-6af4351a25fe,76452bf7-dfba-425c-9b64-3f6416218885,install,3214
97313eae-66db-4e85-abd1-04a9988e242a,eba2970c-a855-426e-a6d5-dab79d598217,maintenance,288
97313eae-66db-4e85-abd1-04a9988e242a,b42ed3a8-bad2-44dc-bb2a-009cfd1680fc,install,190
97313eae-66db-4e85-abd1-04a9988e242a,7a2704d6-b300-4138-b2c8-3d503bfcb1bf,other,90
97313eae-66db-4e85-abd1-04a9988e242a,a526e31c-42a6-478f-b47a-0fbe8c3b5e1c,repair,2294
b6e1a66e-2dba-4f19-ae6d-677a6439a72c,d9ec252e-dd98-4a27-822b-d378bf4fcb43,cleaning,32
b6e1a66e-2dba-4f19-ae6d-677a6439a72c,f10e7292-9594-447c-aa21-257f31fa90ef,install,45
b6e1a66e-2dba-4f19-ae6d-677a6439a72c,63a4fca4-7211-4758-98ab-c069a8f01c47,construction,64
b6e1a66e-2dba-4f19-ae6d-677a6439a72c,6ef7c945-3548-4ace-9473-c27cbf1d97bf,maintenance,218
b6e1a66e-2dba-4f19-ae6d-677a6439a72c,5577b836-6ec7-41eb-9f5d-23fbd6c18236,maintenance,245
82db1d8b-0f2f-496a-bbd9-8106e67d069e,6272d20f-cefa-4234-88ef-9196e2b05a9c,construction,1542
82db1d8b-0f2f-496a-bbd9-8106e67d069e,f148191e-04b3-4743-9f97-505b93750b20,other,1688
82db1d8b-0f2f-496a-bbd9-8106e67d069e,dc20eb86-b36e-4b23-a4a6-49b71d4e41d0,repair,2149
95af756b-8924-4e1c-8be9-0624126e0539,597aacbf-8523-4dc5-8355-a4fe8cd73046,install,363
95af756b-8924-4e1c-8be9-0624126e0539,978ff48e-0f76-4a44-b40e-fb7d734711f2,maintenance,410
95af756b-8924-4e1c-8be9-0624126e0539,1c061953-786d-455f-8d94-53551dbd227e,painting,249
95af756b-8924-4e1c-8be9-0624126e0539,70efb191-a92c-4925-9557-3b80f56484f9,maintenance,2130
340143c3-8488-4ecd-97e6-9aa0d6f509c3,16c00fda-65c6-4103-be76-3524977e858c,construction,4705
1a66fa1a-b2d4-4fce-b929-02fe13c1a3da,2b57a950-3b54-4c8b-8a28-68597d80c64d,other,377
1a66fa1a-b2d4-4fce-b929-02fe13c1a3da,798ac1e1-97c7-4009-a40e-2488c50aeb50,maintenance,211
1a66fa1a-b2d4-4fce-b929-02fe13c1a3da,2995fa38-28f9-460d-bed6-c2ce9d3e8ef7,install,568
1a66fa1a-b2d4-4fce-b929-02fe13c1a3da,d14b53e0-da31-4f69-ab72-f30fe0b23efc,other,2684
1a66fa1a-b2d4-4fce-b929-02fe13c1a3da,d663c334-8053-4a3e-aa6a-4571074c308b,other,4233
961ad8e4-bb43-4a32-b80f-29da2b2aa142,57a775b2-40bd-4f19-b69c-78784b45e294,repair,48
961ad8e4-bb43-4a32-b80f-29da2b2aa142,82ab60a0-3680-4017-b0ee-9362ac8fbe91,maintenance,218
4639e046-c0a6-4be7-9a1e-7bc505fa6180,289ce7d7-eb9e-4181-8390-d1485bf5ca8e,maintenance,902
4639e046-c0a6-4be7-9a1e-7bc505fa6180,95fcdc80-b801-4c78-bffe-9493cea76eb9,maintenance,2168
bcef741b-cba8-4dbb-82eb-b2491b9de94a,139b3309-6e64-44d6-99e4-8d1014f384c0,construction,1397
bcef741b-cba8-4dbb-82eb-b2491b9de94a,6a82857e-c2f9-45c9-99f0-6ac840af9a9e,maintenance,2283
bcef741b-cba8-4dbb-82eb-b2491b9de94a,d8039c63-37c6-43c7-8e36-a219aa356928,repair,4021
479c8fba-3877-47fe-920d-65cf785dab83,d2e280b3-9b22-4996-861e-a89f291bdab6,painting,1529
479c8fba-3877-47fe-920d-65cf785dab83,600ee2fb-77bb-4413-a7cf-e824c4c163c0,painting,402
479c8fba-3877-47fe-920d-65cf785dab83,f140e65f-763e-48c7-8e60-e87cc47b60ac,painting,2034
479c8fba-3877-47fe-920d-65cf785dab83,d2ca31a6-bcdd-4502-94f1-287b3c772b95,other,4290
04130f11-50fb-4d06-99e1-356bc52a3228,06050e73-432b-4668-ae5f-3596dbb06eea,cleaning,784
04130f11-50fb-4d06-99e1-356bc52a3228,e219551d-50dd-4415-91a7-636f14be2660,maintenance,513
04130f11-50fb-4d06-99e1-356bc52a3228,5f7448c6-e683-451e-b3e5-284a7d4d4cfb,repair,528
04130f11-50fb-4d06-99e1-356bc52a3228,24f1a067-970f-4d33-aeda-56b6f1186373,install,1260
04130f11-50fb-4d06-99e1-356bc52a3228,68568911-8261-4848-989f-8ddcc562be15,cleaning,2072
1170e38a-2ccd-4688-b1eb-63b60f7543f4,a8ca2892-76da-44fe-8416-d4cb8b35546e,repair,1073
1170e38a-2ccd-4688-b1eb-63b60f7543f4,2907942d-ed4d-49ba-865e-e715d70b2e63,install,2181
9b11ee81-163f-4e6f-8d8a-9aaa3346783f,5889110d-39d0-4f2a-ab23-354709e33ef6,repair,158
9b11ee81-163f-4e6f-8d8a-9aaa3346783f,98e5cbeb-4ba2-495c-b5d4-9b67951bdd27,construction,1107
9b11ee81-163f-4e6f-8d8a-9aaa3346783f,08399bc8-b159-4ccb-94d0-e55b0f6214ba,repair,3994
b7060484-352e-4474-8021-b5ba780e12c9,e0eddbcb-efe1-4b9a-a036-e0301899a21c,painting,8665
a351c6dd-f07c-4a98-b9a3-0651d179b7c2,0f33f8ee-575e-4395-ae81-365fe4e87135,construction,939
a351c6dd-f07c-4a98-b9a3-0651d179b7c2,138eb71b-6780-4b87-aa21-a9d7e30fe8da,construction,89
a351c6dd-f07c-4a98-b9a3-0651d179b7c2,94a356b4-81d1-4384-8473-cd6ee92bb2e1,cleaning,1088
a351c6dd-f07c-4a98-b9a3-0651d179b7c2,10bfd1e5-f166-4b93-a595-30eb0e904561,repair,2549
a351c6dd-f07c-4a98-b9a3-0651d179b7c2,53d91b3e-4502-4568-bfd4-d6d3a85fa550,other,2811
c6574e2b-cddb-418d-aeec-5a847353102f,e40fdeb5-0069-4dfd-85e6-0b5d9e335a76,maintenance,356
c6574e2b-cddb-418d-aeec-5a847353102f,bed99a6c-036d-4527-8700-52e7ec16d469,other,1166
c6574e2b-cddb-418d-aeec-5a847353102f,8d7dd3b3-8328-4516-ac32-8e4fd45ade46,painting,2106
c6574e2b-cddb-418d-aeec-5a847353102f,49f0b747-ed72-4ab6-9d02-df62e4824152,painting,2832
5051a6ca-250c-4003-b550-6fa19d99fce9,6c1940c4-bfc5-47c2-80b2-10794112948a,install,326
5051a6ca-250c-4003-b550-6fa19d99fce9,78b140e4-002e-427d-aaf4-9bbe964990ff,other,2761
5051a6ca-250c-4003-b550-6fa19d99fce9,6109c20f-c1e3-446d-aa33-d2d18a14e82b,construction,6326
a7ea4d2b-c85d-4ce0-a461-4e1924b4cf68,8c773ed4-f4a7-4560-b988-83038d4458fe,construction,255
a7ea4d2b-c85d-4ce0-a461-4e1924b4cf68,0860dca0-5870-4c08-90e5-d2f2cdfda59f,construction,38
a7ea4d2b-c85d-4ce0-a461-4e1924b4cf68,818e36cd-5e3f-46af-bddc-90e03d7994f6,repair,401
a7ea4d2b-c85d-4ce0-a461-4e1924b4cf68,e9e8ce26-9db5-4930-9118-75a95f2b17f7,repair,1069
a7ea4d2b-c85d-4ce0-a461-4e1924b4cf68,20a2440b-9301-4d71-8550-36201aea1ad1,maintenance,1762
c670d625-3d53-4088-9766-9a9d77ff070f,c00032af-6366-4a99-9f49-c7518fdee27e,construction,2666
c670d625-3d53-4088-9766-9a9d77ff070f,58c2c8ff-fd69-4b6e-b9ad-ed5db34cda44,painting,2667
c670d625-3d53-4088-9766-9a9d77ff070f,abd2119f-f649-46cd-9e26-f2e5c4562c05,construction,3457
7454fab7-7ed4-434d-b504-97e1ea45bc3e,bbcb1431-425b-4819-9edf-d7eb4ae8c342,painting,654
7454fab7-7ed4-434d-b504-97e1ea45bc3e,b4bf2dc0-6804-4b08-917d-458914c3fdad,cleaning,1023
7454fab7-7ed4-434d-b504-97e1ea45bc3e,0483f4a9-43ec-420f-8c01-f2e5cd18cf80,maintenance,2536
9f7b6822-eeaa-4c6c-b1e2-c725cf52eb56,86692089-ecd7-4017-8486-4cd9be5f8e22,other,233
9f7b6822-eeaa-4c6c-b1e2-c725cf52eb56,0b50b46c-c8e0-417b-88e0-15018d47fb12,cleaning,1797
9f7b6822-eeaa-4c6c-b1e2-c725cf52eb56,14b81e81-7b5e-4c45-9e35-7c81b50bfc77,repair,2768
b58df0ab-d442-46af-acdc-17bca07d6d30,7953a3c5-3b40-4ee6-9b28-678c53d407cb,other,9378
eaa9c853-3f85-4a4e-8c42-b225532122ec,b8332208-ca5d-4698-9a19-be39bb8b78dd,install,23
eaa9c853-3f85-4a4e-8c42-b225532122ec,cd6464cc-e479-4695-b74d-e6c5eb281180,install,1792
eaa9c853-3f85-4a4e-8c42-b225532122ec,9f9959f0-92d4-4713-9471-441d766b5dee,repair,2587
eaa9c853-3f85-4a4e-8c42-b225532122ec,07f1f0f9-b0b6-40a2-a05d-4cc791122341,other,3423
51b7d1f4-c777-4fee-bdcc-9b42191e66f3,8fc5ec0e-f66f-4dfa-be03-841dc7f8cc8b,construction,532
51b7d1f4-c777-4fee-bdcc-9b42191e66f3,1ffd3641-f1a6-4342-bdaa-1b09869f8ad0,other,691
51b7d1f4-c777-4fee-bdcc-9b42191e66f3,83facc36-d23a-425f-9544-ce2940e3048b,construction,1913
51b7d1f4-c777-4fee-bdcc-9b42191e66f3,2359f218-c623-48cd-bfc8-706d2bf16fdf,painting,3693
b0ec5b42-5761-4960-b00f-78a0c36e9613,8b41edfc-d4d0-4212-990e-acd1c4dfaa5f,maintenance,506
b0ec5b42-5761-4960-b00f-78a0c36e9613,074187ba-bccb-40e2-968c-a6094552e284,painting,802
b0ec5b42-5761-4960-b00f-78a0c36e9613,c2650abe-ccb3-4d04-9ed0-cb8a95490703,other,1536
b0ec5b42-5761-4960-b00f-78a0c36e9613,b456f23a-4885-4930-ab03-49b7499da16f,install,1775
e9bed1ba-26ed-44ac-867a-e63c09d4c29f,3c769039-44a0-40da-9224-765bae566317,painting,354
e9bed1ba-26ed-44ac-867a-e63c09d4c29f,02d8a43d-3503-42f9-a916-1acccecf93ff,repair,396
e9bed1ba-26ed-44ac-867a-e63c09d4c29f,17cd7010-9d1b-4133-bc3a-d44c579a3c23,painting,1035
64e71f96-c14b-4cde-a543-2bf5a989192c,98a23fc9-8999-48c7-a43a-67243cec1d50,maintenance,5131
c3a90093-909a-4cd6-b4e7-2345407beb66,3db2f87e-7b3f-45f3-87a9-e8bb34e57710,install,639
c3a90093-909a-4cd6-b4e7-2345407beb66,62fff1a8-4053-4d90-a6c3-434231f4950f,install,1745
c3a90093-909a-4cd6-b4e7-2345407beb66,4a338545-7ee6-4529-bc1b-2de5aa9889f1,painting,4349
9a17087a-1a14-413a-9491-6ba40cefc268,d9f550b3-107c-47cc-bd7f-c78ec727e101,other,1638
9a17087a-1a14-413a-9491-6ba40cefc268,5ac7ae9f-42ab-41b1-b9ef-ec72e5264ecf,maintenance,767
9a17087a-1a14-413a-9491-6ba40cefc268,158f0204-d146-4185-b9c6-363a0ad72c9a,maintenance,778
9a17087a-1a14-413a-9491-6ba40cefc268,18b028ea-2004-4e4c-b9fd-e22eaa114610,repair,1877
9a17087a-1a14-413a-9491-6ba40cefc268,effa9acd-9335-4494-9545-93ac48007480,maintenance,3508
9335c8e7-b41d-4848-a160-7a65c1fb17e7,d86713eb-9f70-49fb-98c5-a48bde185343,other,621
9335c8e7-b41d-4848-a160-7a65c1fb17e7,a6b27af1-dc1a-413d-8d73-fdbbb03ffb47,construction,196
9335c8e7-b41d-4848-a160-7a65c1fb17e7,16a1b9fc-215d-490f-9363-bccdc35cba73,construction,1128
b2534b5d-4788-4cf4-8fed-119a6899f9eb,473b8cdd-e389-4392-891e-21f5c21dc7f4,maintenance,321
b2534b5d-4788-4cf4-8fed-119a6899f9eb,b2a34ffc-1017-4854-a826-592f8c3e96e5,painting,3481
d8bde09a-aec7-4adc-9f9b-9fbf267cb022,54f46fbd-b8f4-489d-8ee3-b5c36ccd7695,install,342
d8bde09a-aec7-4adc-9f9b-9fbf267cb022,6cf8b49c-14f5-4b06-8020-761cc980d189,cleaning,226
d8bde09a-aec7-4adc-9f9b-9fbf267cb022,c6498447-07cc-4f85-8e48-84775c131199,other,483
d8bde09a-aec7-4adc-9f9b-9fbf267cb022,f419687c-fa21-4053-90d3-a99c1b8eca71,cleaning,1734
7b96f5ee-1cd4-484c-a7f0-bd2aeb1744fe,4f081562-c89a-488e-9b24-7981addc57b8,maintenance,1327
7b96f5ee-1cd4-484c-a7f0-bd2aeb1744fe,8f344d11-1b6a-49c7-8946-cdb735533abc,painting,2851
7b96f5ee-1cd4-484c-a7f0-bd2aeb1744fe,81fe3bda-014d-41fe-b276-3ae994492948,install,4248
060b1ecf-ab42-4291-88f0-9a84fc3d6e65,2bccb318-7051-49e6-8565-2e79de60d7c4,repair,130
3a3c8e29-ec0f-4f26-809d-6a885315dae3,cf39dd25-4cbe-4ba3-b2d7-3c969569de02,construction,7
3a3c8e29-ec0f-4f26-809d-6a885315dae3,2be32215-28a0-4ad8-81eb-62b048d50d34,other,5
3a3c8e29-ec0f-4f26-809d-6a885315dae3,adf3c19a-0448-4fae-a61f-f348df8c7ca8,painting,4
3a3c8e29-ec0f-4f26-809d-6a885315dae3,f19f8d3c-992b-4825-8b2a-f0dd0d9a1990,cleaning,87
89dc72bd-a98b-48d4-b9c9-98d81ab50512,af2f52ae-38b0-4089-8edf-593107d5b338,painting,9714
edc6d4cf-82e5-424b-8cf4-6c95317b9a5c,80f72173-0ef5-4129-803a-7e3a37d2e15d,maintenance,2486
edc6d4cf-82e5-424b-8cf4-6c95317b9a5c,ac6f97e0-0927-4f46-98cd-05aea41492a4,construction,2262
edc6d4cf-82e5-424b-8cf4-6c95317b9a5c,bdd51006-5e3c-47c9-b878-1a7a54a5c209,maintenance,4209
cc584be9-ce4b-4c52-8f49-c8ae4ec6ccaf,8b91cc06-7152-4daf-95c4-68650ed5e56f,construction,6195
b99e4f10-6935-4373-a9e5-4ee873cf3218,83610aac-4a75-41fa-9ca2-f501b3302859,construction,639
b99e4f10-6935-4373-a9e5-4ee873cf3218,a86a6dd1-31f1-47b8-85b8-bbcc670e31a2,repair,8804
058747ea-542c-43d0-8e03-59278bacb5bd,dc243336-63d8-4cc9-aa08-61b855ba3295,install,934
058747ea-542c-43d0-8e03-59278bacb5bd,66466066-e147-4239-9dc8-5f9875802beb,maintenance,247
058747ea-542c-43d0-8e03-59278bacb5bd,6c83c0f3-25c6-4e0d-9bfc-d81dcacb5781,repair,2264
058747ea-542c-43d0-8e03-59278bacb5bd,308a532c-e3fc-4804-84af-375697183302,painting,4642
11d789df-7336-4287-a4ff-ca2717cfb22a,3a1f2371-f6d1-4a91-b21f-bac777971ed7,maintenance,259
f2147423-b78d-4925-b439-0b27527f6d2b,59cbe798-a335-41f4-aa8b-c2c2334ac6fd,cleaning,1961
f2147423-b78d-4925-b439-0b27527f6d2b,6f4e3927-02fb-4faa-b441-7504ee43b3fd,construction,1849
f2147423-b78d-4925-b439-0b27527f6d2b,8846f70f-4e27-4839-af3f-fd39c43955b2,cleaning,5793
3c1c179c-ec41-4132-94ae-85fa662a30fc,279f1f2b-9982-4459-8257-e3cee45a8a98,other,546
3c1c179c-ec41-4132-94ae-85fa662a30fc,5f571363-138a-4246-8603-6bbf8f6a9039,repair,133
3c1c179c-ec41-4132-94ae-85fa662a30fc,d6e370cb-b52a-430e-948e-4d3f487f5d37,cleaning,4862
fa1685a8-320c-4254-ab4b-846f0cef0ffb,2dfb8497-0f70-42d1-848d-3e0aab9c32b7,install,365
fa1685a8-320c-4254-ab4b-846f0cef0ffb,37f7de11-e186-42f9-af9f-09b9b3c12e70,other,1650
5f036897-ac41-4d9b-a3cf-6fd583bb7d2f,bdfac325-fb57-4a6f-9d19-dc95007ab3d9,other,1550
5f036897-ac41-4d9b-a3cf-6fd583bb7d2f,ab7e86cb-e35e-4dbb-8d4b-41e2bd623a50,construction,1903
d308c908-4555-4381-986a-48fd5b426385,32c351ee-c3ca-4bdb-9316-0249c6ba3839,other,558
d308c908-4555-4381-986a-48fd5b426385,2a410379-9914-4f1b-abd9-63703d55847d,install,2728
d308c908-4555-4381-986a-48fd5b426385,b035ef69-c884-472e-8eb1-221930b3c56c,install,6485
f1aaa00d-68d7-4953-b4e0-22ba795d8618,1473eeb5-440e-46f6-b4cd-bb1c421333d7,repair,486
f1aaa00d-68d7-4953-b4e0-22ba795d8618,5b3a3629-6d0a-47c3-8028-9e569ef7fd70,painting,2885
f1aaa00d-68d7-4953-b4e0-22ba795d8618,b90699ce-50ec-4d74-8004-9813fda7ab32,repair,3320
a339290b-e5be-41ae-92b3-0906bd7e6f43,f46f6d6f-49ad-4db4-ad43-9f46f4e9fbc2,construction,98
a339290b-e5be-41ae-92b3-0906bd7e6f43,836cc0fd-201d-479d-8529-64ba51a1c708,maintenance,124
a339290b-e5be-41ae-92b3-0906bd7e6f43,934deeff-ff03-418c-b3a8-bae3e74f087b,maintenance,112
a339290b-e5be-41ae-92b3-0906bd7e6f43,592475e8-3f30-48a1-b90e-83a90468b133,painting,59
a339290b-e5be-41ae-92b3-0906bd7e6f43,4ee1c833-5f68-46a9-99c6-7a89d6759cea,painting,526
3d36a959-259d-4497-9585-181f60fa59e3,801a42f8-d782-4087-96ee-89e6d171ff50,cleaning,93
3d36a959-259d-4497-9585-181f60fa59e3,e1939bcf-ba0e-4bcf-ae24-a980553c5ecd,cleaning,1241
34ec2423-7f6d-4c6a-9913-30180672ccce,d4ef946e-2d9c-4849-b11a-ed69a568854c,repair,1571
34ec2423-7f6d-4c6a-9913-30180672ccce,497cb3aa-a73e-40a6-9b42-44fcc798ebd9,painting,1840
eec31471-20d5-47cd-b49a-16388981c527,cbd2d991-a888-4e21-a12f-93342bdcf738,maintenance,219
eec31471-20d5-47cd-b49a-16388981c527,9d7a5e81-b768-42a4-b3ee-5824097e620c,repair,40
eec31471-20d5-47cd-b49a-16388981c527,cb6794d3-0586-4753-8440-e70e9effbf2e,construction,234
eec31471-20d5-47cd-b49a-16388981c527,afee7945-67ff-4c9c-914d-5195b372f95c,painting,1192
df254202-0c97-4849-805e-077ff4586477,c4f8de44-cf0d-44a1-ba0b-bf94196a0ff3,other,126
df254202-0c97-4849-805e-077ff4586477,f557e335-ae24-4310-8acf-31411737c72b,construction,549
df254202-0c97-4849-805e-077ff4586477,1cab68d2-f9a7-42b1-8404-deb35cd9a701,install,659
b401569a-b17f-48c4-a5d3-56358bc729bc,bd1b2cdb-f545-45f7-8d43-69a32ddb2b19,install,1746
b401569a-b17f-48c4-a5d3-56358bc729bc,76331bcb-c711-4603-9d6d-f3b3dde778c8,painting,3623
b401569a-b17f-48c4-a5d3-56358bc729bc,1f85e8cd-5892-4644-a559-f510b5beccca,construction,3770
1aa28e7f-9abc-4bf3-94b8-c40df0d59114,8624b075-6876-46b0-bdd9-1344dcd1edce,painting,46
1aa28e7f-9abc-4bf3-94b8-c40df0d59114,3769aaf1-fb20-426b-b6b4-8545c075a412,construction,191
1aa28e7f-9abc-4bf3-94b8-c40df0d59114,7dac97ed-6d75-461e-bb2f-9a45ea86c0b0,maintenance,49
1aa28e7f-9abc-4bf3-94b8-c40df0d59114,f1e86dc7-bbe4-46ed-a24d-923c4d1d0be6,painting,513
aaf19d58-ee89-46ff-b761-0027f5fa4506,358f223c-9147-48bf-a569-f634512319bd,cleaning,2158
ad51cf01-609b-4aaf-a844-1ce68cc21f95,2ce27402-a4cb-47e6-a94d-125900760180,construction,945
71695367-0660-44c4-96ff-04bcd4c62731,5b0e9eca-6117-4c60-8552-831d190e4a07,repair,544
71695367-0660-44c4-96ff-04bcd4c62731,b1c287f8-7ada-4a07-9e52-f0f419873d11,other,1943
71695367-0660-44c4-96ff-04bcd4c62731,6fe51e0d-0e3e-4f5f-93af-0720766036e7,construction,3132
71695367-0660-44c4-96ff-04bcd4c62731,92d6e57d-37db-4bcd-a5d0-a303897e8a48,maintenance,4132
69b135c8-69cb-4193-bbc1-193821fb1cbe,641fa365-7318-492d-bb99-411cb94fd6fe,install,43
69b135c8-69cb-4193-bbc1-193821fb1cbe,73f08b48-abf8-436f-910e-91a56d2bee97,repair,96
1eaf63a4-2bc9-416b-ab15-1bc8ed1ba4fe,db8b8eb2-242f-493e-9c0e-f1837f35501c,cleaning,685
1eaf63a4-2bc9-416b-ab15-1bc8ed1ba4fe,5a85816a-a838-46f2-807c-7260e3bc568f,repair,228
1eaf63a4-2bc9-416b-ab15-1bc8ed1ba4fe,8406eb76-2c07-44ea-83b3-c61e9c0aa831,maintenance,537
1eaf63a4-2bc9-416b-ab15-1bc8ed1ba4fe,81b48857-08ff-461c-a02b-d20ed0c5c23b,maintenance,2090
1eaf63a4-2bc9-416b-ab15-1bc8ed1ba4fe,d7bed28b-68e5-4de1-9783-85e67cd4ae34,other,4355
9d76f326-3794-46ab-9b30-53d62ed6b2dc,3f330d86-098a-4ffd-ba2c-f9df4e579fc6,maintenance,937
5a2d4334-7d09-4d01-bdae-f2f66c414cb3,09b28d10-05d7-4819-ac1f-e8267bb69335,construction,48
5a2d4334-7d09-4d01-bdae-f2f66c414cb3,642e0159-7aa6-437a-b56d-4c36c8832a22,install,637
5a2d4334-7d09-4d01-bdae-f2f66c414cb3,ae7adb05-9ccb-4067-af95-5664cc1b7619,install,1244
5a2d4334-7d09-4d01-bdae-f2f66c414cb3,02543214-2b31-4db3-8370-719c59475e2a,install,6667
3c6b8ed6-148f-4a2a-9026-b3e0b5e471d8,cd3430be-6fbd-483f-94d3-0c7c9059c2b7,install,734
3c6b8ed6-148f-4a2a-9026-b3e0b5e471d8,bc583628-ff51-432c-91e2-6019068268ba,painting,1979
3c6b8ed6-148f-4a2a-9026-b3e0b5e471d8,7e6a8e20-40d8-469c-b732-2ef53ffa3fd5,cleaning,6930
b38f9338-c496-40e7-b98a-3187d9f152de,f09f6b6c-7b07-44c3-b96f-aebc8123b110,painting,11
b38f9338-c496-40e7-b98a-3187d9f152de,fd89d57a-2bad-4327-92cd-10b9bcb985ea,repair,62
b38f9338-c496-40e7-b98a-3187d9f152de,da48d09c-c0ff-454a-81fa-5a4cde744f4c,cleaning,47
b38f9338-c496-40e7-b98a-3187d9f152de,a6e34bee-723f-4bcd-9171-07627d617b17,install,8
b38f9338-c496-40e7-b98a-3187d9f152de,11fb7298-996d-462d-af2e-d61a6182682b,maintenance,210
f976c85e-808b-4d22-b9e6-400c13677bbd,02f406e9-fa1b-45da-a468-e9b1ae92e291,other,899
f976c85e-808b-4d22-b9e6-400c13677bbd,ae11804d-6119-4261-bae9-4f524d355e9f,install,458
f976c85e-808b-4d22-b9e6-400c13677bbd,3b4e38e3-b511-4c42-a2dd-c81d25c7a13e,construction,1619
f976c85e-808b-4d22-b9e6-400c13677bbd,202d1584-8b68-4756-b5e1-a0f8b55f95a2,painting,2166
f976c85e-808b-4d22-b9e6-400c13677bbd,c54e863a-3b84-4873-9161-c7718969e166,maintenance,3965
78d58b81-1d7b-4914-a1e9-a3cebd63d5a6,32f06c85-79a9-41d5-ac23-0ea9e6df6cb6,repair,331
78d58b81-1d7b-4914-a1e9-a3cebd63d5a6,fe0d4f5f-9fdc-4298-a83e-3381dd2d8982,maintenance,745
da8a209d-e0e9-4a34-87f5-7b0b523ef73e,1a851f08-ac80-46b5-9b3c-abb4982b91b5,construction,1358
da8a209d-e0e9-4a34-87f5-7b0b523ef73e,593918a3-7291-48a8-932a-f18a7c6f9b56,construction,109
da8a209d-e0e9-4a34-87f5-7b0b523ef73e,2add172a-6b3a-42b5-828b-8e7740f8e462,install,2950
da8a209d-e0e9-4a34-87f5-7b0b523ef73e,73eee2e0-f46a-49a1-a159-6a34a477a3ff,construction,3964
229f6d2f-38e7-48c7-8e59-362af8f05243,c288b5a7-f028-4433-8479-846835b26b83,maintenance,620
229f6d2f-38e7-48c7-8e59-362af8f05243,54516e5f-2128-44f6-a09c-bdfa67a17181,cleaning,424
229f6d2f-38e7-48c7-8e59-362af8f05243,b841c3fc-7c32-47dd-8561-c1cf244a7125,install,933
229f6d2f-38e7-48c7-8e59-362af8f05243,46df30bf-385d-4ae2-9b48-5617c0e78bf5,construction,1176
e31a0b09-e6ae-4273-a560-811d3e869b3c,c6164edd-05a8-43da-a832-7017364c3df4,construction,2023
39a5501d-79ba-4969-9932-98d56bdfaa04,88e8c936-d6f0-4961-9d7d-0811194eafa8,painting,618
39a5501d-79ba-4969-9932-98d56bdfaa04,8b6cfe8b-3a4b-415a-b389-59f0be76a1f3,cleaning,690
39a5501d-79ba-4969-9932-98d56bdfaa04,92977f40-3f41-4eda-a1a4-0e1e672073ca,install,532
39a5501d-79ba-4969-9932-98d56bdfaa04,79bd24b9-51e1-4706-9919-9ecb3cd27979,maintenance,648
39a5501d-79ba-4969-9932-98d56bdfaa04,56d15d17-1c1d-4f3a-81b0-f0c121e4d521,construction,2635
4a6a4c42-cea3-426b-85e6-06ac6ed78c14,126f3c8b-620b-4aec-a909-83117636afe3,maintenance,382
4a6a4c42-cea3-426b-85e6-06ac6ed78c14,eed45870-028d-46f2-9807-592dc280676d,construction,2343
b2b5a060-5c27-4196-8315-1d7f357fbcb9,1b69715b-8871-4a8b-a4c8-e436863d82bd,other,2801
b2b5a060-5c27-4196-8315-1d7f357fbcb9,4041bd11-d165-4315-ad1a-125144917871,painting,4844
3d8672d3-bb9c-4f18-a4e0-3ce5d2852e72,5266ffa6-9f52-4d1c-ba60-d689534e2cb6,install,1694
57b6032e-dd41-410d-8422-17a829aeb62b,1817b5db-f694-425b-9ff2-7ecc7abb21fc,maintenance,288
57b6032e-dd41-410d-8422-17a829aeb62b,5842389f-e172-438d-b06f-7ecd4e800c8d,install,476
57b6032e-dd41-410d-8422-17a829aeb62b,52a8fc76-77ef-4708-a94f-dcb0a677f235,install,610
4c76ff1a-b5a0-49d1-bc7f-869da04ddbc6,8dbe5065-f721-4ef3-a836-253602247b56,construction,897
4c76ff1a-b5a0-49d1-bc7f-869da04ddbc6,4527ad4f-6f88-4227-9219-7fe645bebb19,install,1593
4c76ff1a-b5a0-49d1-bc7f-869da04ddbc6,0f249d5c-b6de-4fcb-bcd8-6e2f336ca4a2,other,5024
a230b687-38eb-4c65-ab0b-e13f41758782,5ada57b6-1b14-41ee-9102-8cff12260f54,repair,418
a230b687-38eb-4c65-ab0b-e13f41758782,b83c764b-000c-49c9-b8c2-7f9cdf032f88,maintenance,407
a230b687-38eb-4c65-ab0b-e13f41758782,c8ce588e-0e89-4619-9ee3-12f5deef0f51,construction,94
a230b687-38eb-4c65-ab0b-e13f41758782,72c5d5ed-7554-493d-856f-927d485a9b54,maintenance,456
a230b687-38eb-4c65-ab0b-e13f41758782,2ff9f81c-80dc-4698-9871-25175d21d540,construction,1510
51e8f4b7-db29-445d-824b-04f886f27f89,e0b79f79-33bc-47b7-870a-404eee7afe03,other,1411
51e8f4b7-db29-445d-824b-04f886f27f89,93f090b1-cfa2-4e55-8426-04193a36e438,other,736
51e8f4b7-db29-445d-824b-04f886f27f89,9119e1f6-07bc-4c2d-b624-609cb661ae96,other,2820
51e8f4b7-db29-445d-824b-04f886f27f89,f82f3275-6421-407f-9f84-8da346f5a37a,repair,4591
6cd3dd47-1056-4c04-b496-fb4d7cda982b,a3374947-2815-4a19-9ec9-3c8559ad2d08,cleaning,1932
6cd3dd47-1056-4c04-b496-fb4d7cda982b,f4d66166-8cc1-41bf-9d7a-c259fb200e01,install,7437
d1542463-583e-4c95-a247-d8081966eb81,0358d22f-8a74-457e-9542-a2dfaf47e65d,install,1324
d1542463-583e-4c95-a247-d8081966eb81,bbe86cf9-bb28-43bf-9f9c-c77977f63db5,install,2356
be398fad-0026-4335-aa54-3a677a3fac47,d4ab1c30-4d39-474f-9f0a-29427bf904cb,cleaning,698
be398fad-0026-4335-aa54-3a677a3fac47,42a33ae1-148a-47d4-b603-4a3b691ac5ec,maintenance,1277
462d92c7-c34a-4076-8d4f-ea7a7faf7e0d,d24c6299-3041-451d-a308-485e0802d80f,other,8031
81569837-a2df-4efd-b938-8a37c5acd40a,5834744a-ce3c-4679-b47d-f9c4f61cf07e,maintenance,381
81569837-a2df-4efd-b938-8a37c5acd40a,13d76d36-fa8f-46e6-8924-767b9b939792,install,579
81569837-a2df-4efd-b938-8a37c5acd40a,b931a332-8da5-4296-b306-c1ae62b0d72b,repair,181
81569837-a2df-4efd-b938-8a37c5acd40a,983299be-ab91-470b-b425-9ede50ba3fbb,install,2401
81569837-a2df-4efd-b938-8a37c5acd40a,a464ffa1-dcd1-4639-9f97-e09929c5cbdc,install,4208
1c7bde21-7dc6-491b-b0d3-2eadf071c58d,7ee669d5-616f-4579-8ef6-b9a748b5e666,painting,1280
1c7bde21-7dc6-491b-b0d3-2eadf071c58d,3112683c-3ac7-480d-aebf-d4e947b80db3,install,95
1c7bde21-7dc6-491b-b0d3-2eadf071c58d,34b9d2bc-ec40-4f0c-bdbd-7a2420eb9887,painting,193
1c7bde21-7dc6-491b-b0d3-2eadf071c58d,66b41c56-a0ac-4159-9ed5-1bf7890893ff,repair,2312
1c7bde21-7dc6-491b-b0d3-2eadf071c58d,b47da61e-ac9e-496f-bceb-2aab72212897,maintenance,5702
8a27543f-9e34-4282-9868-2cb0d517722d,21660239-f407-4116-95e3-242d3f42584f,construction,2387
8a27543f-9e34-4282-9868-2cb0d517722d,98b3a066-0c82-4813-8bae-c67bc3908181,cleaning,5714
f2a846e8-4f79-4b8a-af71-abd747b2eca3,2717e6d8-d792-439c-b394-f185d8c957d9,construction,2080
f2a846e8-4f79-4b8a-af71-abd747b2eca3,864b9f24-21e4-489f-96d1-d056e37bdc99,other,2991
1eb9eb81-8307-495c-8890-f090eae51810,38112fd7-074d-4d9e-850f-a0eaa2138b4e,painting,576
1eb9eb81-8307-495c-8890-f090eae51810,07e912e6-e721-46ba-822f-71b5b888ac58,construction,342
1eb9eb81-8307-495c-8890-f090eae51810,e9fff080-f2de-4352-ae79-100df0743b3f,cleaning,603
1eb9eb81-8307-495c-8890-f090eae51810,a7b546bb-a47c-4450-bcf2-846ee9f73a54,install,1371
1eb9eb81-8307-495c-8890-f090eae51810,4219e122-2b98-4aa4-a6bb-9717549f5fbb,other,1832
fb45f3bc-9287-46d9-9b9c-9740b65ff1c6,3ce38f9e-f742-4555-a20f-edd25770713f,install,1216
fb45f3bc-9287-46d9-9b9c-9740b65ff1c6,cb154bc5-8e1e-4562-882f-0eeed0035b05,cleaning,2024
ff5e8499-9e5b-42c7-bc3f-1b063e63723c,e35b1463-b1f6-45fb-a493-a069ed2f51a3,painting,5229
bf97f2f8-a02e-464a-a989-cb9de975ca04,1afa2b87-9120-478f-bbdf-fe5f956419cc,install,175
bf97f2f8-a02e-464a-a989-cb9de975ca04,4110462f-ef0c-4633-b3e0-8ac4a426e3b1,other,326
bf97f2f8-a02e-464a-a989-cb9de975ca04,78e927b8-fc17-426f-a34a-de394cf292e4,maintenance,845
bf97f2f8-a02e-464a-a989-cb9de975ca04,a23a62f1-0ad2-4265-8dc3-47bde93406ca,install,1305
4a73b8be-abe7-42f9-99f1-d031fbd7aec6,18c976c1-4a58-4089-9f93-7abcde5e1a71,maintenance,1324
4a73b8be-abe7-42f9-99f1-d031fbd7aec6,017a9fc5-0057-476a-bafd-f2c874c72f83,install,1027
4a73b8be-abe7-42f9-99f1-d031fbd7aec6,d514c455-0f92-494a-ba07-1694e8dce62e,construction,3670
58c7032a-3a84-4a72-aa66-a5c69fc80ff7,cbf633d3-f58e-4985-8c49-0756443cd915,other,1672
58c7032a-3a84-4a72-aa66-a5c69fc80ff7,f5c338ed-625a-46df-a98b-c2476a01c3ea,painting,1639
58c7032a-3a84-4a72-aa66-a5c69fc80ff7,fc850ca6-02ac-4e1e-8676-08b481709fc7,repair,998
58c7032a-3a84-4a72-aa66-a5c69fc80ff7,c8405fb1-8fb2-44b8-8d77-b2cb6ca3fa38,construction,4093
8492f5d7-4652-4a0c-8e30-c96d6c6f0e41,280c7f0d-e03c-4dea-93f8-a764d20a9387,construction,32
8492f5d7-4652-4a0c-8e30-c96d6c6f0e41,368e8a3d-22ab-4069-bacd-960b9c449766,install,580
f1de8a2c-26ff-4e98-8355-b565dd55f870,69ff5548-18e1-4a22-8722-23d5fa022d5b,repair,414
f1de8a2c-26ff-4e98-8355-b565dd55f870,64ff3e0e-ee07-4b48-ac35-d7edb59bee74,painting,45
f1de8a2c-26ff-4e98-8355-b565dd55f870,b17bcef7-43f2-47e6-b9c0-80a821cadb32,painting,537
f1de8a2c-26ff-4e98-8355-b565dd55f870,dbe38889-672f-4416-ad41-9e872779c27f,cleaning,592
f1de8a2c-26ff-4e98-8355-b565dd55f870,c4204add-b490-4e30-94c0-a9d994706b37,cleaning,1245
f099595b-ce76-44e0-b82f-e4d3e86b341c,0d555190-12bf-4e93-8996-6853d6d24ced,painting,341
f099595b-ce76-44e0-b82f-e4d3e86b341c,df39f1c6-5d31-4288-8ba4-1f3cf21a9055,construction,1475
f099595b-ce76-44e0-b82f-e4d3e86b341c,5e8cd4fa-1a1c-43ff-b264-86e53743da2c,maintenance,2630
f099595b-ce76-44e0-b82f-e4d3e86b341c,ade47440-814a-481b-91ed-3cd9a5229ef2,construction,3423
17ba4787-a4ec-4ccb-ab32-a057f8782699,feb9bd07-3601-495a-a9f8-ed5a2bccd184,construction,76
17ba4787-a4ec-4ccb-ab32-a057f8782699,2a4d37f7-80be-446c-9db6-b2723cd78d31,install,227
17ba4787-a4ec-4ccb-ab32-a057f8782699,efabdf9a-1f21-47a1-b5e6-27967ab1c724,maintenance,2121
9df264a5-c833-4090-9ad9-d395ea79f3df,b2b63765-9285-446c-b991-1e1d6d559eff,other,133
9df264a5-c833-4090-9ad9-d395ea79f3df,e2f8ecf2-6a00-43f6-a260-4269ad5b1a94,other,28
9df264a5-c833-4090-9ad9-d395ea79f3df,012050bc-4391-47ac-aa6e-8cfe0bd791e9,other,896
9df264a5-c833-4090-9ad9-d395ea79f3df,3edb92aa-6524-4643-b520-ecb332797989,painting,881
9df264a5-c833-4090-9ad9-d395ea79f3df,13f893f9-38c3-483d-8472-4ae6cbae695e,maintenance,1059
f082653f-657f-42d7-b249-2f2d68c1e223,84b3d105-cfce-4b62-969e-70f43f3e3fb7,construction,3040
263bf0ed-7d71-4d97-8ef8-9788e912f79f,c29f217c-76d4-438f-8e89-0351b5a07f7a,painting,70
263bf0ed-7d71-4d97-8ef8-9788e912f79f,f53ba597-0722-4bbc-ba36-0a440604fd00,construction,12
263bf0ed-7d71-4d97-8ef8-9788e912f79f,94b4ef7e-1c27-4ee0-8cb9-a2648af239a8,cleaning,221
263bf0ed-7d71-4d97-8ef8-9788e912f79f,3459410e-6f73-4265-8143-53eba3049987,construction,168
263bf0ed-7d71-4d97-8ef8-9788e912f79f,c7c2ff96-68cc-478e-a058-a69ed5eec8af,install,542
cdb7abac-636b-4322-a7cf-f87b72c06aa0,cbe031b1-b8f6-481a-a14f-abe3089cdbaf,maintenance,503
90859740-dce0-40c3-9b37-fa6494a52cfb,8247facd-5e3a-41b7-b9d1-5a6564448de3,cleaning,258
04c9d770-5eda-4b23-8ff3-41307fe6c209,a9f8a5b3-a3e8-4fc2-b324-272daa68a8d3,painting,849
04c9d770-5eda-4b23-8ff3-41307fe6c209,c481baf1-170a-48c0-b809-dd44beb5d27b,install,6515
a29f78a6-a42f-470a-b2ea-deffca0b4b3d,4934c40c-20fb-4970-b5b0-35d520678c08,cleaning,890
a29f78a6-a42f-470a-b2ea-deffca0b4b3d,1233f264-6a1c-4521-a586-84eec60d5b0e,cleaning,208
a29f78a6-a42f-470a-b2ea-deffca0b4b3d,cbd8830a-876c-44ad-a089-498a6057d5d6,other,990
a29f78a6-a42f-470a-b2ea-deffca0b4b3d,87d43a41-7a2a-4039-bd7a-899eb442bc8d,painting,1892
a4280e19-7ca4-4197-8e3a-8e6a7ad0bbe5,6c0d78d4-97e3-4b63-931c-9c75a322d157,install,175
a4280e19-7ca4-4197-8e3a-8e6a7ad0bbe5,de32ff61-3d16-4f1a-9d52-bc84a243ce68,cleaning,558
a4280e19-7ca4-4197-8e3a-8e6a7ad0bbe5,b57a4b51-abe5-4c1e-adce-a092dbf79f45,maintenance,1118
a4280e19-7ca4-4197-8e3a-8e6a7ad0bbe5,09bd8c2c-b1fa-4004-a635-aecf2a3c4352,other,68
a4280e19-7ca4-4197-8e3a-8e6a7ad0bbe5,60adc129-c659-4a51-8e16-1aec98ea2ab7,repair,2219
e4f8afcd-7085-4c29-976f-a66145eb3ebd,fa37956b-4891-4252-93ef-b831c7c3622e,other,527
e4f8afcd-7085-4c29-976f-a66145eb3ebd,1edf004b-53d7-4850-9cef-56779b6b1f45,maintenance,3300
1203d26e-21ee-42ba-9379-755d05c93aec,8166a5c2-3fb6-430c-9da0-450d9e9b6a35,other,732
1203d26e-21ee-42ba-9379-755d05c93aec,3b519e89-731a-4ebd-b900-daa0efce3b48,construction,1913
d5d58900-9ba0-4979-b7ef-c503a25f992e,e187ba63-889c-43d5-a8c6-32899f94835c,other,382
d5d58900-9ba0-4979-b7ef-c503a25f992e,046e4f91-8802-4f47-9e01-ea0e3d83e6e3,install,699
d5d58900-9ba0-4979-b7ef-c503a25f992e,2ff1dc5c-c4a7-415b-8c22-7088ca3b206b,cleaning,1444
d5d58900-9ba0-4979-b7ef-c503a25f992e,9a51823a-2a27-4572-a255-96833de076af,install,2976
7b45286b-7cfe-4f7e-bc62-fc15285dde1f,8a57da28-17a4-4809-9ad2-a21b0a3d7ecd,cleaning,215
7b45286b-7cfe-4f7e-bc62-fc15285dde1f,71ae921d-20a0-4b97-8652-ad99803d402f,construction,483
7b45286b-7cfe-4f7e-bc62-fc15285dde1f,15abe3f6-2199-484a-9d50-6ac5fd585f7d,painting,448
7b45286b-7cfe-4f7e-bc62-fc15285dde1f,02285ca5-1191-4d96-8842-6d9eb28adbca,install,648
72b653c4-4672-4b85-beb5-5b7bc0263976,abf3c6a2-a8f3-4566-8f2e-67fb4964dee6,install,167
72b653c4-4672-4b85-beb5-5b7bc0263976,31703ca9-42c4-49d8-8f86-d7db4e24bd5f,repair,967
72b653c4-4672-4b85-beb5-5b7bc0263976,5ee8d5cf-5edb-403d-adc3-67c9367fffc0,repair,1282
feb0d380-b573-489e-b739-17f4aa92da35,47e6c40d-ceac-4047-817a-96d923afc8d9,construction,1379
feb0d380-b573-489e-b739-17f4aa92da35,812aa5f5-c6a4-44de-9559-d8dd2ba947c7,painting,3111
65c3783c-0bcb-49ac-bc5e-96d2fe314df8,576a6da7-2f61-441e-9472-163edfc788a3,painting,9366
ac99371d-5d71-4593-b0c3-0a0ec2028429,b469b2da-34ee-48b5-89a5-6891ae574082,maintenance,628
ac99371d-5d71-4593-b0c3-0a0ec2028429,5dc3e3e8-8009-460c-974a-a7b6ec5258ae,construction,635
ac99371d-5d71-4593-b0c3-0a0ec2028429,0811d6aa-e9a0-4aa8-86bd-f118280f1eab,construction,1125
ac99371d-5d71-4593-b0c3-0a0ec2028429,2c9129aa-1ddc-4040-8706-403484b3e4ad,repair,609
ac99371d-5d71-4593-b0c3-0a0ec2028429,229043ca-6fdb-4acd-8d18-2f09fd6ee0df,cleaning,1751
85238917-5706-43ac-a174-e12bcdb19218,b3757eaf-bf27-4b23-a490-e79ec8956047,other,114
85238917-5706-43ac-a174-e12bcdb19218,59470524-4d98-48e8-ab4d-b40fd1caf00d,maintenance,2
85238917-5706-43ac-a174-e12bcdb19218,a65cedf3-91b0-4774-bfe1-003580d0e15e,construction,22
85238917-5706-43ac-a174-e12bcdb19218,efe0f698-a7d4-437c-ad0f-d785f236ecbc,repair,218
85238917-5706-43ac-a174-e12bcdb19218,e3458338-afb9-441e-ad65-643f8b8b0683,repair,635
bc8ece19-ac78-452b-9e92-c0c4735930cf,6a37cd8e-0ba2-4627-aa71-ccfed2e92a29,cleaning,882
bc8ece19-ac78-452b-9e92-c0c4735930cf,6d807cd0-2b1c-43f2-9633-f56e3fbea2cb,install,1148
bc8ece19-ac78-452b-9e92-c0c4735930cf,4ebbc5cf-5c67-4f3f-ab3c-17cb97c39505,other,963
bc8ece19-ac78-452b-9e92-c0c4735930cf,3a09054f-c719-4e88-a15b-9c41688876b2,other,1753
06d074b7-8624-4b3c-a732-17121cd56d23,de3d57d7-e6d7-4e6e-bc87-f7d654acd143,cleaning,314
06d074b7-8624-4b3c-a732-17121cd56d23,61d2dfeb-f241-4b51-abc9-b4cfb3766b49,painting,228
06d074b7-8624-4b3c-a732-17121cd56d23,a7f58ff4-0e31-4d75-8165-b38adfd5367b,construction,1455
f171da53-e04b-4417-90aa-5aa97a187cc2,b13ca8c8-e95b-4898-8f14-b43c29df191e,construction,1880
f171da53-e04b-4417-90aa-5aa97a187cc2,6cea4d9e-a166-4dc1-adea-1fff0f977659,cleaning,4787
0a1b2f60-76b3-4821-8f6c-5bd5c0ee2ad5,e22c881c-cee0-424b-b2d3-a0968c6dec47,painting,191
0a1b2f60-76b3-4821-8f6c-5bd5c0ee2ad5,ec3e634f-f481-446e-b7e4-97fce5ab02da,cleaning,331
0a1b2f60-76b3-4821-8f6c-5bd5c0ee2ad5,6831862b-26f4-4dee-824d-fe33c16c7d4d,other,71
0a1b2f60-76b3-4821-8f6c-5bd5c0ee2ad5,328cf983-08af-4140-9607-a0cd08c9ff21,other,763
213a881c-58cd-415d-ac9e-9ea9b51a2795,9a940fbf-6994-4164-bbf0-1ee819e19a30,cleaning,778
213a881c-58cd-415d-ac9e-9ea9b51a2795,30734c8c-7db3-40af-9512-144a8fddb4e6,cleaning,4003
30155a8c-0555-4454-924a-d58a5c863f06,0b51f484-a368-4406-9bff-9e902df14cbd,install,69
30155a8c-0555-4454-924a-d58a5c863f06,b5415372-eb6c-44c4-ad4b-08bae0020a6c,maintenance,1194
30155a8c-0555-4454-924a-d58a5c863f06,bbde5f30-a950-4c11-8845-feea9e0605af,other,2696
30155a8c-0555-4454-924a-d58a5c863f06,6104e58e-e7c4-456c-be64-c9a9d17caa99,construction,5362
2d799b3e-fcbe-46b8-8c55-89822c824f83,67078efa-7ddf-4ddb-ab01-36610a7cb474,construction,2861
2d799b3e-fcbe-46b8-8c55-89822c824f83,7a020bc3-fac2-4703-a677-65bef3ee0a64,maintenance,6892
ec478217-2c2a-4ccc-84d3-dd3c14065268,6146b5a0-f14f-4c2b-82b2-f37cd18da84f,install,1210
ec478217-2c2a-4ccc-84d3-dd3c14065268,254137a1-75a0-4ee4-bc9a-faafd9f08e3d,install,3205
aaa2bd20-c81a-4f0c-84dc-4276f5000e1b,b6620c4b-6f74-4ae5-8e41-171ca0717a1c,other,831
aaa2bd20-c81a-4f0c-84dc-4276f5000e1b,982e6efc-1a3d-4f7b-a267-6ccb48c318cc,painting,1607
aaa2bd20-c81a-4f0c-84dc-4276f5000e1b,4d5a2598-9558-45aa-8c4e-14b29b0c02d6,cleaning,296
aaa2bd20-c81a-4f0c-84dc-4276f5000e1b,59fc65a2-775e-4c0f-8d09-d7d19405cdee,other,1914
aaa2bd20-c81a-4f0c-84dc-4276f5000e1b,4e747f29-6511-4bf0-81ef-c7ac6feecbca,other,3733
c08f5135-ac68-4f5f-8294-3d409023b7db,193e18e7-92cd-4100-a136-2e4707faa7d5,maintenance,4550
c5647401-32fe-482c-9d3d-a873b0b6f7d5,760b420c-c6a8-4028-b567-f7e48432267c,construction,577
c5647401-32fe-482c-9d3d-a873b0b6f7d5,dc280e81-d7b0-4ed4-ac49-ef2f703678a2,install,253
c5647401-32fe-482c-9d3d-a873b0b6f7d5,f89038a8-b07f-46b9-83fd-638b307dc416,other,1458
869b9ba1-03d3-45ba-b86d-694a076b1b84,807803c8-8ea3-4984-9ddc-98303729c985,install,728
869b9ba1-03d3-45ba-b86d-694a076b1b84,6d6a9bc7-45cb-43e0-a621-0cd14cfc7575,construction,318
869b9ba1-03d3-45ba-b86d-694a076b1b84,c48fa43e-1abd-477c-8a89-785c617128ad,cleaning,1662
e7ef994e-0d09-41cd-a420-9aecc2bc85f8,a9e25375-d046-4ba5-bd12-185089973284,maintenance,132
e7ef994e-0d09-41cd-a420-9aecc2bc85f8,f303a3db-fac6-4449-8992-fb66f576085b,other,210
e7ef994e-0d09-41cd-a420-9aecc2bc85f8,bbad2fa6-0798-4f36-8b09-39c9eb862217,cleaning,474
e7ef994e-0d09-41cd-a420-9aecc2bc85f8,92ffecf1-db07-4ff9-b3e2-1d7d8eda1d13,maintenance,145
e7ef994e-0d09-41cd-a420-9aecc2bc85f8,5269433a-e3d0-4b6f-bdf2-289ac89f8bf5,cleaning,1024
f05c0055-e449-499e-8573-1a92988c4fb1,c99ab9b9-fb5f-4b0b-9487-d8daecdd1c9a,maintenance,84
f05c0055-e449-499e-8573-1a92988c4fb1,5eb285cb-d353-4bbf-8919-e6198b48db56,other,505
f05c0055-e449-499e-8573-1a92988c4fb1,cafd1fdc-c6a6-4630-a136-62c62d4e92c8,cleaning,259
f05c0055-e449-499e-8573-1a92988c4fb1,d70c489c-86c8-40ae-9738-5dec1f6744c5,maintenance,506
f05c0055-e449-499e-8573-1a92988c4fb1,2b1e2205-bf06-4b67-ba4c-69a786662dd8,other,2265
29393ab8-c628-4ad3-aa8a-46ed045014f9,6fc4ef5f-b8c4-4664-b3e3-2109a3549f6b,construction,399
29393ab8-c628-4ad3-aa8a-46ed045014f9,d68eeb2c-b42a-43e8-b04a-f0fc7789edd1,cleaning,124
29393ab8-c628-4ad3-aa8a-46ed045014f9,2ca87283-bad1-4d93-b62b-dda7eebaede3,cleaning,1343
29393ab8-c628-4ad3-aa8a-46ed045014f9,3c77bb0b-ae1f-4d73-9b6a-b2ca2f176828,other,5035
5990deb4-1ec5-4ec3-aac3-15d83c891795,a9c75ce8-7c94-4395-9f08-8db4b0b8c4cf,install,4
5990deb4-1ec5-4ec3-aac3-15d83c891795,81289504-04c5-465d-9c97-8ca2bce4b3dc,construction,135
5990deb4-1ec5-4ec3-aac3-15d83c891795,f9ee6adf-4ee1-4188-bab7-bc48aaf05b55,painting,315
5990deb4-1ec5-4ec3-aac3-15d83c891795,8a1ab5dc-7c8f-43c1-8e7e-6d9b3f41330d,maintenance,948
4cab8caa-3660-4bd5-829b-0adcdfba8ee8,8c139407-c4a8-4831-9686-634ee15eb3dc,painting,2360
9322b2c6-a028-4031-bcd4-b74b2cf4607c,c01e0430-4f32-4b79-884a-2813280d6c28,install,5519
f9a991fb-937e-44e4-9ec6-050742afa9cb,aa68b64c-9449-4611-a81b-f8a90adf3fed,maintenance,566
f9a991fb-937e-44e4-9ec6-050742afa9cb,c99d58b0-0913-47b3-9776-64d374c9aecc,install,563
f9a991fb-937e-44e4-9ec6-050742afa9cb,5331be63-7d25-4df7-94f9-7cbe513da11b,cleaning,712
2976b468-cf0b-4db6-8bb6-8e454620290c,cba4b551-151d-4769-9752-00eb66ce30a1,painting,779
882733bc-fe4e-427a-b740-24ac48333660,bb5ffd32-b94e-4e27-9292-ccacad46746a,other,9841
00914187-59ea-4c44-9e54-5d5f3e6fde86,f8e9206f-5073-4eb4-b54a-e777d63aed8b,painting,74
00914187-59ea-4c44-9e54-5d5f3e6fde86,1a16093f-acb8-4526-bd6b-bd4605f87181,construction,680
00914187-59ea-4c44-9e54-5d5f3e6fde86,36215f0e-a2df-41ba-8619-1276e253c8d7,repair,1265
00914187-59ea-4c44-9e54-5d5f3e6fde86,6b0f5b49-5855-409f-9ddd-121ebd3b16af,other,2151
54d84cfd-56e9-4f3e-abb3-b40615c9ac95,04c9c930-2d84-40e9-bf9b-69e58a14c349,cleaning,350
54d84cfd-56e9-4f3e-abb3-b40615c9ac95,dc1075db-9dd9-46d6-aa70-3c699c75a314,install,2016
8eb75ba5-91d3-455b-becd-b005dd0d228d,e7fd2861-f84a-4819-b44e-0396c6131ba6,repair,2603
e5dea0b4-6068-437c-b025-3234259982b9,1145033f-7881-4383-bf59-7cbdabb3d2a4,other,962
e5dea0b4-6068-437c-b025-3234259982b9,0f9556b1-2734-4332-a1ea-1238be309ce7,painting,7495
21345d71-6287-4102-8e2d-8eb863627a29,b1b91584-bdc7-4227-a208-db1689007ce4,painting,95
21345d71-6287-4102-8e2d-8eb863627a29,02dbb773-2971-43f6-9b73-ed7e49a5dc83,construction,95
21345d71-6287-4102-8e2d-8eb863627a29,397ceba4-0c55-4da8-bf70-ab9195822c8f,repair,88
21345d71-6287-4102-8e2d-8eb863627a29,a213eb4b-c594-4959-9f3b-c5b6df633f77,construction,365
8219a72d-8342-4858-8faa-e02fd145c076,e0b410df-4bea-47f7-a3b2-5c35fe16db34,other,2931
8219a72d-8342-4858-8faa-e02fd145c076,c3a8eb59-be4e-4364-8bc2-c5084d46068f,painting,83
8219a72d-8342-4858-8faa-e02fd145c076,c4e8a478-8b4c-4700-8aad-ed09a197a191,repair,6982
6d5471c9-c821-4fa8-b236-664d1bb9ab31,52d87920-2e0e-453c-bb2c-9b265be4da60,repair,2168
dd8deb64-e457-4cce-9853-63a29fd00d65,ce770aa3-c26c-49e7-9672-9c890f15df60,repair,425
dd8deb64-e457-4cce-9853-63a29fd00d65,5f3bdfa2-f157-4f01-90d3-8a46e3fcbb22,cleaning,42
dd8deb64-e457-4cce-9853-63a29fd00d65,cfeb0fb5-61a3-400b-9ddd-24f37ac5157b,other,956
9bdcb959-32a8-4f01-83b0-3e364dd482bf,8a475708-f0c5-4f99-8178-3032f6218e0c,maintenance,134
9bdcb959-32a8-4f01-83b0-3e364dd482bf,19e8fb14-3b93-4327-bf6b-a5b3fca02bbe,other,5
9bdcb959-32a8-4f01-83b0-3e364dd482bf,3f0a112b-5c88-477f-af6e-e0b3ece88f81,cleaning,200
9bdcb959-32a8-4f01-83b0-3e364dd482bf,03157e1a-9766-48c3-8fea-ecdfd769612f,repair,66
9bdcb959-32a8-4f01-83b0-3e364dd482bf,3f5834d5-8315-4bd3-a62e-f39bbe23068a,repair,836
2a035ab2-8960-4eaf-92b5-959d3571b0db,239ff1de-cb01-4351-9089-781182aa9685,painting,83
2a035ab2-8960-4eaf-92b5-959d3571b0db,96f9f0ae-aca7-4cdf-ac2e-3889b8efd38c,install,12
2a035ab2-8960-4eaf-92b5-959d3571b0db,63d35a31-4b77-4320-901b-dc4c0f304ffb,repair,163
631aff93-ac69-4f14-a0cf-c44029abfb46,e50a3eeb-c65b-4022-8cce-eea4f6972986,construction,4
631aff93-ac69-4f14-a0cf-c44029abfb46,0081188d-ea37-486c-9a3c-d0eef6ba5fe1,repair,265
631aff93-ac69-4f14-a0cf-c44029abfb46,55df6d15-4ea8-4c48-bd81-f26a5c88d875,other,287
631aff93-ac69-4f14-a0cf-c44029abfb46,6b4967c1-09f8-43eb-8ffb-6e3f99cf32ca,cleaning,453
6b50c80e-5dec-4009-b77d-358bb846aa10,21538ed5-96d4-4b24-9384-e08b24480cac,other,863
6b50c80e-5dec-4009-b77d-358bb846aa10,9873403e-f8dc-4152-970b-8f747eea4283,construction,5063
02721258-c9a1-455f-ba6f-70a2f6477872,4a131c87-90a3-40f1-9ce3-1fa6369df210,painting,6306
bcd2a469-b53d-486f-8f9a-0e437e695ef3,cb97ebd0-73d5-426b-8869-1574bb8988f2,other,22
bcd2a469-b53d-486f-8f9a-0e437e695ef3,4f0fe343-93ba-4a62-9f0a-3ca1484610c2,construction,146
bcd2a469-b53d-486f-8f9a-0e437e695ef3,1579d6b2-9212-4db8-beb1-a1944557e790,cleaning,119
bcd2a469-b53d-486f-8f9a-0e437e695ef3,b44bea44-7b6e-400f-91dd-c51f23860af8,construction,477
2f07805e-b0bd-44c7-8881-4564b12341c6,52e2a4b1-275d-4577-a18d-e3f525590dbe,cleaning,101
2f07805e-b0bd-44c7-8881-4564b12341c6,4778dbdb-f065-481c-af68-22589a239872,maintenance,126
2f07805e-b0bd-44c7-8881-4564b12341c6,0fb935c6-eea3-4ce9-83d8-35089e0479f2,cleaning,306
2f07805e-b0bd-44c7-8881-4564b12341c6,c336b624-dee5-4dd8-a6e0-8b56f116bb19,painting,76
2f07805e-b0bd-44c7-8881-4564b12341c6,edbd79e2-4cb3-47a2-902e-57bca5d6f9ce,construction,901
2fcb8e56-1a93-42ec-8b10-1f453626edc9,60b3fed8-e149-4abe-99bb-9cf7645b8a82,other,1181
2fcb8e56-1a93-42ec-8b10-1f453626edc9,3087c0ee-399f-46cc-b141-6f62638309f8,painting,5785
9ea795f9-e782-4c70-aa56-e3d60e95ff24,8752d7f0-c73f-4359-a8a3-261925347d0d,painting,1807
9ea795f9-e782-4c70-aa56-e3d60e95ff24,766b31dc-9b8a-44fb-ab67-f3910fc20231,cleaning,2265
9ea795f9-e782-4c70-aa56-e3d60e95ff24,9be9595a-66fa-4fc0-9802-f78af489ace1,cleaning,4920
aae93b81-5f83-4f6b-8e9b-8ccc3d294345,4d97dcb9-0d0e-4b01-92c1-500e8208457e,construction,1538
aae93b81-5f83-4f6b-8e9b-8ccc3d294345,604b303e-5fe0-4275-8cf5-cd0279a5591b,repair,1544
aae93b81-5f83-4f6b-8e9b-8ccc3d294345,cef2ecb7-4196-4e13-8b7a-26e6497c38fb,repair,1979
aae93b81-5f83-4f6b-8e9b-8ccc3d294345,90ea25d8-b6ee-49b3-8148-dda43ea17393,install,3440
92081b4e-79f6-4a7d-9dbd-9e2c41b5b8b9,6b375abe-0cbc-47d3-9827-7f032dce6adb,other,547
92081b4e-79f6-4a7d-9dbd-9e2c41b5b8b9,126baa6d-d6f5-4b53-88a1-50ef66b12028,cleaning,733
92081b4e-79f6-4a7d-9dbd-9e2c41b5b8b9,d56d1e93-7b9c-41e6-8d17-9e109fc911e4,install,3616
eb577709-501d-4481-8cf6-11eda8c7081f,30d307cf-46e3-47a7-85ae-02244ba1e410,other,334
eb577709-501d-4481-8cf6-11eda8c7081f,7372283f-11cf-48f6-b8ee-033ec1a0e432,painting,6759
812b16e9-174e-4eb5-a558-311e5ad2e8bf,d16a287a-1338-40c0-8f25-53e848d42e08,repair,377
812b16e9-174e-4eb5-a558-311e5ad2e8bf,b033fd71-b90c-448f-a4a2-9cfdc2f2dcb4,cleaning,325
812b16e9-174e-4eb5-a558-311e5ad2e8bf,7ec3011a-7eed-4cfd-896a-88432a150e91,install,212
812b16e9-174e-4eb5-a558-311e5ad2e8bf,e401bf2f-b802-4f1d-b3c6-78e5fb2ac050,install,618
935b3160-f5a7-49a1-b048-98ce73c3ba5f,4c84d802-9b86-4d56-bb9a-a9cffaa4ee04,painting,206
935b3160-f5a7-49a1-b048-98ce73c3ba5f,ae3ccfa1-1e64-448e-b020-4b219ea4f8be,construction,192
935b3160-f5a7-49a1-b048-98ce73c3ba5f,7539cdb1-107e-450a-a689-1ec82f4c6d6e,cleaning,267
935b3160-f5a7-49a1-b048-98ce73c3ba5f,cb38d6a9-1f44-4280-b5db-b674560691ae,painting,699
935b3160-f5a7-49a1-b048-98ce73c3ba5f,5506a6dc-181f-484b-ac76-960a79847f5d,painting,921
0e3208c2-2d69-40fb-b3db-6b134d814f3c,ce7f278d-49af-4244-99ee-332db0122c76,install,73
0e3208c2-2d69-40fb-b3db-6b134d814f3c,9e694241-3e09-4a46-99db-8f47e810f927,construction,54
0e3208c2-2d69-40fb-b3db-6b134d814f3c,4b257bf8-1f13-40a7-bea2-4b2ef7d146ce,maintenance,32
0e3208c2-2d69-40fb-b3db-6b134d814f3c,9e07d21f-5627-4d79-8f8b-0f036f68b7c7,repair,357
0e3208c2-2d69-40fb-b3db-6b134d814f3c,13c9f6bf-0daa-40dc-947c-a8a2da5a5d7c,other,2272
24c3cd53-a8c8-4d69-9ade-0422f46b242c,48450f55-a73f-4be0-b135-cf745f846f7b,maintenance,3210
24c3cd53-a8c8-4d69-9ade-0422f46b242c,5a6c9375-7124-4e64-98b6-d9471c2a5e02,maintenance,6314
469fa29b-fbfa-42d1-b204-33bd254a4296,b1f73651-e2a4-4d37-8a53-bb7efc9e3b52,other,5867
4e39ad16-39a6-4222-8a18-d4c0f42f5c82,7f460e86-202f-499b-8133-082bc16040f2,repair,314
4e39ad16-39a6-4222-8a18-d4c0f42f5c82,064fadf1-4e71-41e2-bdde-9ae1d2835b62,construction,202
4e39ad16-39a6-4222-8a18-d4c0f42f5c82,812ec00f-c7f6-4529-92fc-635dd89637ba,maintenance,783
4e39ad16-39a6-4222-8a18-d4c0f42f5c82,6dd79c9a-f88b-4491-afb5-824e1a6fcb2e,cleaning,1607
8dcc4572-b95d-48d8-ab1d-f46884e867cc,dde007a7-008c-4d60-991c-7bbe1d97329a,cleaning,2139
8dcc4572-b95d-48d8-ab1d-f46884e867cc,5a84a474-9f08-4b41-817e-5c524c6b60a8,cleaning,847
8dcc4572-b95d-48d8-ab1d-f46884e867cc,06f07a84-43bc-4150-9489-98d9615d4648,construction,6985
74799525-b070-4c43-a0b8-fee3fcfbc8ae,01c2c579-8b18-4b7b-90e0-776ee7f8dff7,install,1293
74799525-b070-4c43-a0b8-fee3fcfbc8ae,874267c4-e651-46f5-bbb5-da8dc2ffa4f0,painting,172
74799525-b070-4c43-a0b8-fee3fcfbc8ae,f1f40fc6-6088-4786-ae04-621713bceedd,cleaning,1535
74799525-b070-4c43-a0b8-fee3fcfbc8ae,9f7a05de-3038-41bc-b504-c38ece2f7fcf,repair,231
74799525-b070-4c43-a0b8-fee3fcfbc8ae,41ea8def-1059-452c-809b-c86753d430b2,maintenance,3259
a2442d32-790d-4d4b-ad6e-bfce7bf0d14d,0975621e-b1fa-486f-aebe-b4253778dab7,install,542
4019a256-fd72-441a-ad93-86db78578cab,cf29be16-5d6e-4bd5-a819-6945f7946c00,construction,1035
4019a256-fd72-441a-ad93-86db78578cab,16ad8b65-faa6-468e-951d-2201274a1a2b,cleaning,1939
79affe1c-07f9-4afe-ba54-a036c4972019,d437ced1-4b54-4ac8-915f-4d051753153b,construction,336
79affe1c-07f9-4afe-ba54-a036c4972019,44b019bc-8ac9-4cea-a923-805132d5c8de,maintenance,1855
79affe1c-07f9-4afe-ba54-a036c4972019,45360497-744a-4762-afa8-4784379099c7,maintenance,940
79affe1c-07f9-4afe-ba54-a036c4972019,06e96070-1c71-4af1-8ee0-3cdae7466009,construction,3738
764438e2-bb04-4430-90d7-a987f706ed7b,c7c2caa8-7564-4b29-bcc2-2f50b738282f,painting,5779
ec23a3fd-4981-4904-9b67-c5bc7cf25d3c,43cb56bc-c71e-4661-948b-a0f227f2c094,painting,90
ec23a3fd-4981-4904-9b67-c5bc7cf25d3c,6e2bb4dd-6dda-410d-a2ca-cb4bde36d918,install,409
ec23a3fd-4981-4904-9b67-c5bc7cf25d3c,190976f0-dd6d-419d-b060-b33c2df5c32e,painting,279
ec23a3fd-4981-4904-9b67-c5bc7cf25d3c,ab9d74e5-e18b-4757-97b4-9cd69fd7f0c1,maintenance,241
ec23a3fd-4981-4904-9b67-c5bc7cf25d3c,a0bae83d-da56-412b-ae6e-088cf28fab4d,painting,1231
df8ffec7-c1ff-4f73-a34d-3e1a8b2f6aec,4ef0411a-b83c-4c87-96bd-6ee66610d27d,install,169
df8ffec7-c1ff-4f73-a34d-3e1a8b2f6aec,c49bf8b1-72fb-4eb4-bc01-b8f46cff3435,other,358
df8ffec7-c1ff-4f73-a34d-3e1a8b2f6aec,e0a04189-eaed-4b1a-8a1f-0b2a909978b9,repair,409
df8ffec7-c1ff-4f73-a34d-3e1a8b2f6aec,8a92c587-53f7-4db3-88ce-a9d8a6bee7da,maintenance,320
df8ffec7-c1ff-4f73-a34d-3e1a8b2f6aec,24f3e791-993c-4a34-8aa4-ccc124b37dce,other,647
d43d5a4c-b071-42eb-89c8-685308a3ca44,4cad2268-2df9-4a91-abd5-af26597e8f66,other,9846
0a00029d-7d7b-48f5-b73f-603c16956bdd,243ab459-88e8-4e82-9a66-228e88e1acac,maintenance,167
0a00029d-7d7b-48f5-b73f-603c16956bdd,db35bb0e-d1d9-4600-98f4-8570d982b72a,construction,67
0a00029d-7d7b-48f5-b73f-603c16956bdd,19a24b3d-00f2-4874-a941-9f0c4b38e196,construction,483
0a00029d-7d7b-48f5-b73f-603c16956bdd,dcd3a6e4-8811-4d57-bbd4-e57c1a119137,cleaning,438
0a00029d-7d7b-48f5-b73f-603c16956bdd,20fba277-a682-4ba3-8c77-31eb0c6a09cf,other,737
bd3501a0-f6f5-42a8-992d-a41311779825,f887e395-a797-4c78-936e-d42f6155803a,painting,282
bd3501a0-f6f5-42a8-992d-a41311779825,b540fa76-d4b0-4bd9-a1fe-67387a2807f7,cleaning,1653
bd3501a0-f6f5-42a8-992d-a41311779825,f9da3e59-76ef-49f6-94d4-58794c686c64,maintenance,2964
8403745c-b77c-492f-8457-f26e6b9d1edc,ee6d5008-cd41-4fe9-9b2a-995d5b73fb13,maintenance,90
8403745c-b77c-492f-8457-f26e6b9d1edc,753623a9-7426-49d9-a548-ad90d953afa8,construction,218
8403745c-b77c-492f-8457-f26e6b9d1edc,d1f775bd-6be0-4b1f-a638-b09df0c35602,repair,491
186b04e0-b8fc-4b39-8cf1-90d1b3f65fe9,a311d256-c640-44d0-ab7e-50610d253e34,maintenance,822
186b04e0-b8fc-4b39-8cf1-90d1b3f65fe9,a22707cd-05bd-400d-86ba-79fc233aa1f9,other,537
186b04e0-b8fc-4b39-8cf1-90d1b3f65fe9,51f50812-a003-475a-bfe8-3b51ef458544,other,154
186b04e0-b8fc-4b39-8cf1-90d1b3f65fe9,bbddd654-56d8-42cd-b4f1-0aa40b64e92a,cleaning,2164
ae777cb3-1987-4fe9-ab39-2da8a3799a30,87de5070-801d-4db6-b739-e4a9cc056f57,painting,602
ae777cb3-1987-4fe9-ab39-2da8a3799a30,3c83d449-a27f-41fc-bc44-ad77b6292e57,other,354
ae777cb3-1987-4fe9-ab39-2da8a3799a30,087048c5-ea6e-4d3e-b275-e53cfae243ac,painting,3171
6753ee07-d2ce-42b0-8ac7-e7d80ce16ae2,cf412e09-0d09-40db-a0b7-67c70e742bb3,painting,1108
6753ee07-d2ce-42b0-8ac7-e7d80ce16ae2,f932fb87-11dd-412b-af6e-6215178e007b,construction,950
6753ee07-d2ce-42b0-8ac7-e7d80ce16ae2,095a2b0b-c028-4fff-93cc-a71052281dbf,maintenance,2021
6753ee07-d2ce-42b0-8ac7-e7d80ce16ae2,53f98ebb-d5c5-47e5-a3f4-110447f62f97,other,2130
